gene_id	transcript_id	TPM_./test_data/salmon/chr19_ucscRefSeq.comprehensive.index_trimmed_WT_Rep1_SalmonQuant/chr19_quant.sf	TPM_./test_data/salmon/chr19_ucscRefSeq.comprehensive.index_trimmed_WT_Rep2_SalmonQuant/chr19_quant.sf	TPM_./test_data/salmon/chr19_ucscRefSeq.comprehensive.index_trimmed_WT_Rep3_SalmonQuant/chr19_quant.sf	tscript_min	tscript_max	tscript_median	tscript_mean
1110059E24Rik	NM_025423.2	28.11	28.36	29.57	28.11	29.57	28.36	28.68
1810009A15Rik	NM_025463.3	86.06	87.9	89.82	86.06	89.82	87.9	87.93
4833438C02Rik	NR_152247.1	3.46	5.05	5.85	3.46	5.85	5.05	4.79
AI837181	NM_134149.2	26.12	32.02	27.97	26.12	32.02	27.97	28.7
AW112010	NR_102366.1	21.56	15.54	18.92	15.54	21.56	18.92	18.67
Abhd17b	NM_146096.3	26.92	25.87	27.53	25.87	27.53	26.92	26.77
Acsl5	NM_027976.2	63.83	65.31	57.8	57.8	65.31	63.83	62.31
Acsl5	XM_006527178.4	53.08	51.63	55.87	51.63	55.87	53.08	53.53
Actr1a	NM_016860.2	95.44	94.1	99.81	94.1	99.81	95.44	96.45
Add3	NM_001164100.2	5.8	6.68	5.83	5.8	6.68	5.83	6.11
Ahnak	NM_009643.2	268.11	311.35	285.44	268.11	311.35	285.44	288.3
Ahnak	XM_017318272.2	54.37	65.03	47.29	47.29	65.03	54.37	55.56
Ahnak	XM_006527256.5	43.83	41.51	34.08	34.08	43.83	41.51	39.8
Ahnak	NM_001039959.2	25.88	23.47	23.54	23.47	25.88	23.54	24.3
Ahnak	NM_001286518.1	22.65	16.74	19.85	16.74	22.65	19.85	19.75
Aip	XM_036161404.1	42.98	43.43	36.87	36.87	43.43	42.98	41.09
Aip	NM_001276284.1	15.04	14.76	19.49	14.76	19.49	15.04	16.43
Ak3	NM_021299.2	43.64	42.5	47.97	42.5	47.97	43.64	44.7
Aldh3b1	NM_026316.3	75.33	74.62	73.09	73.09	75.33	74.62	74.35
Ankrd13d	NM_026720.2	7.65	8.08	7.23	7.23	8.08	7.65	7.66
Anxa1	NM_010730.2	1461.27	1388.74	1360.83	1360.83	1461.27	1388.74	1403.61
Ap5b1	NM_001362046.1	25.03	25.26	24.55	24.55	25.26	25.03	24.95
Arhgap19	XM_011247344.4	31.47	43.18	20.3	20.3	43.18	31.47	31.65
Arhgap19	XM_011247341.2	13.05	0.0	19.29	0.0	19.29	13.05	10.78
Arhgap19	XM_036161690.1	10.72	0.0	15.82	0.0	15.82	10.72	8.84
Arhgap19	XM_036161689.1	8.11	5.59	0.0	0.0	8.11	5.59	4.56
Arl2	NM_019722.3	42.68	40.36	41.13	40.36	42.68	41.13	41.39
Arl3	NM_019718.3	23.15	21.02	20.11	20.11	23.15	21.02	21.43
As3mt	NM_020577.3	10.91	9.76	11.14	9.76	11.14	10.91	10.6
Asah2	NM_018830.1	14.78	14.58	15.17	14.58	15.17	14.78	14.84
Asrgl1	NM_025610.3	7.04	8.11	6.21	6.21	8.11	7.04	7.12
Atad1	NM_026487.3	64.63	65.6	65.93	64.63	65.93	65.6	65.39
Atg2a	NM_194348.3	16.22	16.94	16.79	16.22	16.94	16.79	16.65
Atl3	NM_146091.4	38.35	37.8	35.48	35.48	38.35	37.8	37.21
Atp5md	NM_023211.5	416.79	413.34	446.93	413.34	446.93	416.79	425.69
Atrnl1	NM_181415.4	8.87	8.63	7.33	7.33	8.87	8.63	8.28
Avpi1	NM_027106.4	17.03	14.78	16.94	14.78	17.03	16.94	16.25
B3gat3	NM_024256.2	34.96	37.67	38.63	34.96	38.63	37.67	37.09
B4gat1	NM_175383.2	29.6	30.4	28.26	28.26	30.4	29.6	29.42
Bad	NM_001285453.1	46.9	45.18	47.49	45.18	47.49	46.9	46.52
Bad	NM_007522.3	6.75	5.17	6.3	5.17	6.75	6.3	6.07
Banf1	NM_011793.3	15.75	20.42	15.81	15.75	20.42	15.81	17.32
Banf1	NM_001038231.2	3.12	5.21	10.26	3.12	10.26	5.21	6.19
Bbip1	NM_001195348.1	11.22	8.02	11.12	8.02	11.22	11.12	10.12
Bbip1	NM_001195338.1	4.99	6.86	7.14	4.99	7.14	6.86	6.33
Best1	NM_011913.2	9.94	10.14	9.36	9.36	10.14	9.94	9.81
Blnk	NM_008528.5	96.47	93.73	109.9	93.73	109.9	96.47	100.03
Bloc1s2	NM_028607.1	38.21	46.46	40.57	38.21	46.46	40.57	41.75
Borcs7	NM_025563.3	8.71	8.77	10.14	8.71	10.14	8.77	9.21
Brms1	NM_134155.3	31.24	33.27	31.34	31.24	33.27	31.34	31.95
Bscl2	NM_001290823.1	46.39	49.72	55.79	46.39	55.79	49.72	50.63
Bscl2	NM_001136064.3	6.46	6.68	9.61	6.46	9.61	6.68	7.59
Btaf1	NM_001080706.1	20.95	19.83	21.36	19.83	21.36	20.95	20.71
Btaf1	XM_006526561.5	14.03	11.75	13.01	11.75	14.03	13.01	12.93
Cacul1	NM_030197.2	79.41	72.81	79.6	72.81	79.6	79.41	77.27
Cacul1	NM_001172096.1	10.88	10.73	10.39	10.39	10.88	10.73	10.66
Calhm2	NM_133746.5	23.26	28.22	22.33	22.33	28.22	23.26	24.6
Capn1	NM_007600.3	35.55	28.43	32.93	28.43	35.55	32.93	32.3
Capn1	NM_001110504.1	9.58	14.77	10.48	9.58	14.77	10.48	11.61
Carnmt1	NM_026120.5	4.55	6.2	6.01	4.55	6.2	6.01	5.59
Casp7	NM_007611.2	8.64	9.81	7.96	7.96	9.81	8.64	8.8
Cbwd1	NM_146097.3	9.05	8.77	7.79	7.79	9.05	8.77	8.54
Ccdc186	NM_170757.2	9.74	11.68	9.39	9.39	11.68	9.74	10.27
Ccdc86	NM_023731.3	16.43	16.19	15.89	15.89	16.43	16.19	16.17
Ccdc88b	NM_001081291.1	26.15	25.38	20.4	20.4	26.15	25.38	23.98
Ccdc88b	XM_006527464.5	4.19	6.82	6.16	4.19	6.82	6.16	5.73
Ccs	NM_016892.3	31.73	23.15	29.05	23.15	31.73	29.05	27.98
Cd274	NM_021893.3	20.73	19.27	18.75	18.75	20.73	19.27	19.58
Cdc37l1	NM_001302382.2	7.4	9.48	8.39	7.4	9.48	8.39	8.42
Cdca5	NM_026410.3	4.54	6.33	6.84	4.54	6.84	6.33	5.91
Cdk2ap2	NM_026373.4	71.75	65.14	69.18	65.14	71.75	69.18	68.69
Cemip2	NM_001033759.2	8.67	7.67	8.21	7.67	8.67	8.21	8.18
Cep78	NM_198019.2	7.33	7.27	7.48	7.27	7.48	7.33	7.36
Cfl1	NM_007687.5	1287.75	1307.97	1321.48	1287.75	1321.48	1307.97	1305.73
Chka	NM_001271496.1	7.84	6.56	8.03	6.56	8.03	7.84	7.48
Chka	NM_013490.4	5.38	6.55	3.91	3.91	6.55	5.38	5.28
Chuk	NM_007700.2	34.87	34.75	35.79	34.75	35.79	34.87	35.14
Chuk	NM_001162410.1	17.37	18.07	15.03	15.03	18.07	17.37	16.82
Chuk	XM_030250732.2	6.49	5.65	5.9	5.65	6.49	5.9	6.01
Cnnm2	NM_001102471.1	6.97	7.55	7.97	6.97	7.97	7.55	7.5
Coro1b	NM_011778.3	104.24	100.09	87.72	87.72	104.24	100.09	97.35
Coro1b	XM_006531741.4	38.46	43.56	38.72	38.46	43.56	38.72	40.24
Coro1b	XM_036161587.1	10.8	14.96	15.61	10.8	15.61	14.96	13.79
Coro1b	XM_006531742.2	6.03	0.0	5.24	0.0	6.03	5.24	3.76
Cox15	NM_144874.4	12.3	13.96	12.98	12.3	13.96	12.98	13.08
Cox8a	NM_007750.2	439.89	427.74	467.34	427.74	467.34	439.89	444.99
Cpsf7	NM_001164272.1	16.2	7.97	13.2	7.97	16.2	13.2	12.46
Cpsf7	NM_172302.3	0.0	10.04	8.51	0.0	10.04	8.51	6.18
Cpt1a	NM_013495.2	44.8	42.9	43.94	42.9	44.8	43.94	43.88
Csf2ra	NM_009970.2	116.56	126.97	135.69	116.56	135.69	126.97	126.41
Cstf2t	NM_031249.2	29.27	27.66	25.93	25.93	29.27	27.66	27.62
Ctsf	NM_019861.2	18.52	19.17	18.83	18.52	19.17	18.83	18.84
Cuedc2	XM_011247317.3	28.93	28.5	20.85	20.85	28.93	28.5	26.09
Cuedc2	XM_011247321.3	16.08	21.3	19.03	16.08	21.3	19.03	18.8
Cuedc2	XM_030251035.2	13.45	15.13	13.07	13.07	15.13	13.45	13.88
Cuedc2	XM_011247318.3	11.22	7.88	12.36	7.88	12.36	11.22	10.49
Cuedc2	XM_030251033.2	9.77	9.98	7.8	7.8	9.98	9.77	9.18
Cuedc2	XM_006527275.5	0.0	7.16	5.03	0.0	7.16	5.03	4.06
Cutc	NM_001113562.1	13.56	11.37	13.4	11.37	13.56	13.4	12.78
Cyb561a3	XM_030250883.2	7.06	7.07	6.76	6.76	7.07	7.06	6.97
Cyb561a3	NM_001282067.2	4.47	6.34	6.98	4.47	6.98	6.34	5.93
D030056L22Rik	NM_001374130.1	11.66	10.42	9.92	9.92	11.66	10.42	10.67
Ddb1	NM_015735.2	120.2	125.16	114.17	114.17	125.16	120.2	119.84
Ddb1	XM_006526639.3	12.14	10.51	12.08	10.51	12.14	12.08	11.58
Dennd10	NM_026437.4	27.28	28.8	31.07	27.28	31.07	28.8	29.05
Dennd10	NM_001360620.1	10.56	8.75	7.33	7.33	10.56	8.75	8.88
Dnajc4	NM_001357001.1	12.96	0.0	11.93	0.0	12.96	11.93	8.3
Dnajc4	NM_001356999.1	7.17	13.22	7.84	7.17	13.22	7.84	9.41
Dnmbp	XM_006527351.5	7.51	8.37	8.17	7.51	8.37	8.17	8.02
Dock8	NM_028785.3	29.81	33.95	35.19	29.81	35.19	33.95	32.98
Dock8	XM_006527435.3	6.2	2.96	5.76	2.96	6.2	5.76	4.97
Dpcd	NM_172639.3	11.7	10.56	11.13	10.56	11.7	11.13	11.13
Dpf2	NM_011262.5	18.53	20.05	21.01	18.53	21.01	20.05	19.86
Dpp3	NM_133803.2	40.29	40.36	40.61	40.29	40.61	40.36	40.42
Drap1	NM_024176.2	75.18	79.68	80.29	75.18	80.29	79.68	78.38
Drap1	NM_001291080.1	18.7	15.21	12.53	12.53	18.7	15.21	15.48
Dtx4	XM_006526816.4	13.43	12.48	11.56	11.56	13.43	12.48	12.49
Dtx4	NM_172442.3	7.99	7.4	9.05	7.4	9.05	7.99	8.15
Eef1g	NM_026007.4	410.66	400.93	405.28	400.93	410.66	405.28	405.62
Ehbp1l1	NM_001114595.1	32.71	30.27	31.68	30.27	32.71	31.68	31.55
Ehbp1l1	NM_001114597.1	20.84	23.37	19.26	19.26	23.37	20.84	21.16
Ehbp1l1	NM_001381901.1	20.97	17.35	19.89	17.35	20.97	19.89	19.41
Ehbp1l1	NM_053252.3	14.52	7.51	9.54	7.51	14.52	9.54	10.52
Ehbp1l1	XM_006531634.4	8.08	14.33	9.42	8.08	14.33	9.42	10.61
Ehd1	NM_010119.5	27.2	26.57	26.07	26.07	27.2	26.57	26.61
Eif1ad	NM_027236.2	14.97	15.77	16.85	14.97	16.85	15.77	15.86
Eif3a	NM_010123.3	119.03	121.37	109.81	109.81	121.37	119.03	116.74
Eml3	NM_001374671.1	15.03	17.13	11.52	11.52	17.13	15.03	14.56
Eml3	NM_144872.1	6.44	8.71	11.4	6.44	11.4	8.71	8.85
Entpd1	NM_009848.4	76.5	69.38	74.78	69.38	76.5	74.78	73.55
Entpd1	XM_006526620.5	11.05	9.63	8.09	8.09	11.05	9.63	9.59
Erlin1	NM_001164360.1	19.1	16.22	18.36	16.22	19.1	18.36	17.89
Ermp1	NM_001081213.2	7.77	8.35	7.71	7.71	8.35	7.77	7.94
Esrra	NM_007953.2	39.39	35.17	34.13	34.13	39.39	35.17	36.23
Exoc6	NM_175353.2	25.85	22.78	24.17	22.78	25.85	24.17	24.27
Exoc6	XM_017318044.2	9.91	9.74	10.79	9.74	10.79	9.91	10.15
Exosc1	NM_025644.4	11.88	11.21	9.73	9.73	11.88	11.21	10.94
Fads1	NM_146094.2	77.02	76.05	84.95	76.05	84.95	77.02	79.34
Fads2	NM_019699.2	13.14	17.68	18.3	13.14	18.3	17.68	16.37
Fam111a	NM_026640.2	61.52	68.33	58.7	58.7	68.33	61.52	62.85
Fam111a	NM_001346545.1	6.79	4.53	6.3	4.53	6.79	6.3	5.88
Fam122a	NM_026520.3	5.62	5.47	6.26	5.47	6.26	5.62	5.78
Fam160b1	NM_145505.4	15.45	15.33	15.44	15.33	15.45	15.44	15.41
Fam204a	NM_001358273.1	15.32	10.0	11.5	10.0	15.32	11.5	12.27
Fam89b	NM_181452.2	135.52	142.5	127.28	127.28	142.5	135.52	135.1
Fam89b	NM_023166.2	16.88	15.25	25.29	15.25	25.29	16.88	19.14
Fas	NM_007987.2	9.08	7.81	8.22	7.81	9.08	8.22	8.37
Fau	NM_007990.4	750.47	671.48	544.8	544.8	750.47	671.48	655.58
Fau	NM_001160239.3	227.36	219.16	226.79	219.16	227.36	226.79	224.43
Fbxl15	NM_133694.2	6.98	5.92	9.86	5.92	9.86	6.98	7.59
Fbxw4	NM_013907.2	31.3	27.22	32.19	27.22	32.19	31.3	30.23
Fen1	NM_001271615.2	14.32	21.4	16.32	14.32	21.4	16.32	17.35
Fen1	NM_001271614.2	12.54	7.97	8.67	7.97	12.54	8.67	9.73
Fen1	XM_006526661.3	6.85	0.0	7.03	0.0	7.03	6.85	4.63
Fermt3	NM_153795.2	145.68	148.85	133.5	133.5	148.85	145.68	142.68
Fermt3	NM_001362399.1	139.01	124.66	126.31	124.66	139.01	126.31	129.99
Fibp	NM_021438.4	41.57	50.51	47.83	41.57	50.51	47.83	46.64
Fibp	NM_001253832.1	22.96	16.48	23.51	16.48	23.51	22.96	20.98
Fkbp2	NM_001166368.2	42.45	48.22	38.54	38.54	48.22	42.45	43.07
Fkbp2	NM_008020.4	3.73	5.31	6.72	3.73	6.72	5.31	5.25
Fra10ac1	NM_001081075.2	7.37	7.9	7.17	7.17	7.9	7.37	7.48
Frat1	NM_008043.3	7.94	7.87	8.46	7.87	8.46	7.94	8.09
Frat2	NM_177603.3	6.53	6.22	6.5	6.22	6.53	6.5	6.42
Frmd8	XM_006531828.3	32.69	32.27	34.86	32.27	34.86	32.69	33.27
Frmd8	NM_026169.4	7.71	10.01	8.07	7.71	10.01	8.07	8.6
Frmd8	XM_006531829.4	11.9	7.46	7.29	7.29	11.9	7.46	8.88
Fth1	NM_010239.2	6880.81	7338.06	7866.08	6880.81	7866.08	7338.06	7361.65
Fth1	NR_073181.1	6.59	6.73	8.41	6.59	8.41	6.73	7.24
Ganab	NM_001293621.1	50.79	55.49	52.26	50.79	55.49	52.26	52.85
Ganab	NM_008060.2	10.99	9.36	5.28	5.28	10.99	9.36	8.55
Gcnt1	NM_173442.5	52.13	56.56	51.89	51.89	56.56	52.13	53.53
Gda	NM_010266.2	17.92	13.32	15.94	13.32	17.92	15.94	15.73
Gm10053	Gm10053	62.57	60.13	64.84	60.13	64.84	62.57	62.51
Gm15801	Gm15801	9.23	9.34	12.44	9.23	12.44	9.34	10.34
Gm24336	XR_004940279.1	3.63	24.08	12.22	3.63	24.08	12.22	13.31
Gm8783	Gm8783	15.16	13.17	14.24	13.17	15.16	14.24	14.19
Gm9493	Gm9493	3.33	5.0	5.29	3.33	5.29	5.0	4.54
Gnaq	NM_008139.6	33.17	34.23	34.41	33.17	34.41	34.23	33.94
Got1	NM_010324.2	74.8	67.07	78.7	67.07	78.7	74.8	73.52
Gpam	NM_008149.4	6.65	6.65	7.27	6.65	7.27	6.65	6.85
Gpr137	NM_001379535.1	14.63	11.2	11.69	11.2	14.63	11.69	12.51
Grk2	NM_001290818.1	137.71	135.16	143.97	135.16	143.97	137.71	138.95
Grk2	XM_036161401.1	10.37	9.58	9.55	9.55	10.37	9.58	9.83
Gsto1	NM_010362.3	114.94	119.69	137.14	114.94	137.14	119.69	123.93
Gstp1	NM_013541.1	50.79	54.61	56.08	50.79	56.08	54.61	53.82
Hells	NM_008234.3	4.81	6.5	5.46	4.81	6.5	5.46	5.59
Hhex	NM_008245.3	23.06	26.83	27.78	23.06	27.78	26.83	25.89
Hif1an	NM_176958.3	6.38	6.83	6.3	6.3	6.83	6.38	6.5
Hnrnpul2	NM_001081196.1	21.8	21.28	20.77	20.77	21.8	21.28	21.28
Hps1	NM_019424.3	18.43	18.64	19.05	18.43	19.05	18.64	18.71
Hps6	NM_176785.3	13.31	11.38	12.07	11.38	13.31	12.07	12.25
Ide	NM_031156.4	17.75	19.61	20.16	17.75	20.16	19.61	19.17
Ifit1	NM_008331.3	92.22	83.82	70.92	70.92	92.22	83.82	82.32
Ifit1bl1	NM_001101605.1	10.7	9.07	5.14	5.14	10.7	9.07	8.31
Ifit2	XM_036161447.1	191.41	185.44	146.02	146.02	191.41	185.44	174.29
Ifit2	NM_008332.3	16.36	12.99	10.44	10.44	16.36	12.99	13.26
Ifit3	NM_010501.2	181.88	165.6	131.41	131.41	181.88	165.6	159.63
Ifit3	XM_011247151.3	37.26	41.02	37.61	37.26	41.02	37.61	38.63
Ifit3	XM_036161448.1	8.74	13.95	9.12	8.74	13.95	9.12	10.6
Ifit3b	NM_001005858.3	28.74	27.14	22.7	22.7	28.74	27.14	26.19
Incenp	NM_001369356.1	17.39	23.11	17.22	17.22	23.11	17.39	19.24
Incenp	NM_016692.4	6.22	6.45	9.18	6.22	9.18	6.45	7.28
Insl6	NM_013754.1	27.82	23.15	29.22	23.15	29.22	27.82	26.73
Ints5	NM_176843.3	14.09	14.65	13.77	13.77	14.65	14.09	14.17
Itprip	NM_001362458.1	8.27	7.31	8.91	7.31	8.91	8.27	8.16
Jak2	NM_008413.4	12.21	11.82	15.69	11.82	15.69	12.21	13.24
Jak2	XM_017318068.3	5.86	5.02	4.83	4.83	5.86	5.02	5.24
Kat5	NM_001199247.1	24.63	26.7	24.84	24.63	26.7	24.84	25.39
Kat5	NM_178637.2	10.87	9.85	9.09	9.09	10.87	9.85	9.94
Kdm2a	NM_001001984.2	23.17	25.41	25.33	23.17	25.41	25.33	24.64
Kif11	NM_010615.2	12.44	19.13	17.61	12.44	19.13	17.61	16.39
Klc2	NM_001369360.1	4.19	6.67	5.92	4.19	6.67	5.92	5.59
Klf9	NM_010638.5	12.91	13.14	14.39	12.91	14.39	13.14	13.48
Kmt5b	XM_006531728.5	15.66	15.87	14.47	14.47	15.87	15.66	15.33
Ldb1	NM_001360336.1	23.22	24.63	24.08	23.22	24.63	24.08	23.97
Ldb1	NM_001113408.2	17.57	17.02	23.09	17.02	23.09	17.57	19.23
Lipa	NM_021460.3	1045.86	1041.44	1003.74	1003.74	1045.86	1041.44	1030.35
Lipa	NM_001111100.1	100.24	101.7	108.37	100.24	108.37	101.7	103.44
Lipo3	NM_001013770.4	16.93	14.19	18.05	14.19	18.05	16.93	16.39
Lipo3	XM_006527163.4	7.28	7.64	5.88	5.88	7.64	7.28	6.94
Lpxn	NM_134152.4	376.72	363.27	347.28	347.28	376.72	363.27	362.42
Lrp5	NM_008513.3	11.55	11.63	12.25	11.55	12.25	11.63	11.81
Malat1	NR_002847.3	2344.37	1986.74	1952.8	1952.8	2344.37	1986.74	2094.63
Mamdc2	NM_174857.3	14.18	16.13	14.55	14.18	16.13	14.55	14.95
Map3k11	XM_006531752.2	44.43	43.66	46.4	43.66	46.4	44.43	44.83
Map3k11	XM_006531753.5	5.41	7.72	8.52	5.41	8.52	7.72	7.21
Map4k2	NM_009006.3	15.01	17.38	18.56	15.01	18.56	17.38	16.98
Marchf5	NM_001164336.1	34.73	38.29	35.49	34.73	38.29	35.49	36.17
Marchf5	NM_027314.3	32.58	32.59	33.72	32.58	33.72	32.59	32.96
Marchf5	NM_001164337.1	6.25	9.87	8.54	6.25	9.87	8.54	8.22
Mark2	XM_036161427.1	8.69	9.9	6.44	6.44	9.9	8.69	8.34
Marveld1	NM_183195.2	26.83	30.22	32.87	26.83	32.87	30.22	29.97
Men1	NM_001168488.1	6.11	5.43	2.87	2.87	6.11	5.43	4.81
Mfsd13a	NM_029186.2	5.65	5.2	4.66	4.66	5.65	5.2	5.17
Minpp1	NM_010799.2	33.46	32.53	33.83	32.53	33.83	33.46	33.28
Mir6992	NR_105958.1	27.02	9.95	0.0	0.0	27.02	9.95	12.32
Mms19	NM_001373946.1	11.76	13.66	12.95	11.76	13.66	12.95	12.79
Morf4l1b	NM_001326287.1	8.85	7.87	7.52	7.52	8.85	7.87	8.08
Mpeg1	NM_001374668.1	1228.19	1216.23	1151.07	1151.07	1228.19	1216.23	1198.5
Mpeg1	NM_010821.2	441.12	439.23	384.61	384.61	441.12	439.23	421.65
Mrpl11	NM_025553.4	15.27	14.96	13.99	13.99	15.27	14.96	14.74
Mrpl16	NM_025606.3	20.44	22.92	23.1	20.44	23.1	22.92	22.15
Mrpl21	NM_001347420.2	44.96	44.2	43.89	43.89	44.96	44.2	44.35
Mrpl43	NM_053164.3	45.59	44.82	48.69	44.82	48.69	45.59	46.37
Mrpl49	NM_026246.4	26.36	25.91	27.98	25.91	27.98	26.36	26.75
Ms4a14	XM_011247415.4	5.64	8.17	6.36	5.64	8.17	6.36	6.73
Ms4a4a	NM_001310331.1	7.99	5.83	6.94	5.83	7.99	6.94	6.92
Ms4a4c	NM_029499.3	19.34	17.49	14.83	14.83	19.34	17.49	17.22
Ms4a4c	XM_006527250.2	10.36	7.17	7.49	7.17	10.36	7.49	8.34
Ms4a6b	NM_027209.3	173.87	150.45	155.33	150.45	173.87	155.33	159.88
Ms4a6c	NM_028595.4	203.5	174.05	168.68	168.68	203.5	174.05	182.07
Ms4a6c	NM_001166376.1	106.87	101.63	99.7	99.7	106.87	101.63	102.73
Ms4a6c	XM_006527381.5	19.92	16.86	18.61	16.86	19.92	18.61	18.46
Ms4a6c	XR_877690.3	6.5	6.74	5.98	5.98	6.74	6.5	6.41
Ms4a6d	NM_026835.2	236.3	207.34	237.77	207.34	237.77	236.3	227.14
Ms4a7	NM_027836.6	545.96	488.05	459.03	459.03	545.96	488.05	497.68
Ms4a7	NM_001025610.4	71.57	67.19	59.54	59.54	71.57	67.19	66.1
Mta2	NM_011842.3	76.73	77.25	75.25	75.25	77.25	76.73	76.41
Mus81	NM_027877.4	8.33	8.57	9.66	8.33	9.66	8.57	8.85
Mxi1	NM_010847.4	14.9	10.16	12.96	10.16	14.9	12.96	12.67
Mxi1	NM_001008542.3	7.36	10.05	9.98	7.36	10.05	9.98	9.13
Myof	NM_001302140.1	70.04	70.97	63.3	63.3	70.97	70.04	68.1
Myof	NM_001099634.1	22.39	21.91	24.15	21.91	24.15	22.39	22.82
Naa40	NM_027643.1	22.1	24.41	21.3	21.3	24.41	22.1	22.6
Ndufb8	NM_026061.3	261.7	246.08	253.54	246.08	261.7	253.54	253.78
Ndufb8	NM_001347447.1	11.0	10.3	10.56	10.3	11.0	10.56	10.62
Ndufs8	NM_001271443.1	94.44	85.41	91.05	85.41	94.44	91.05	90.3
Ndufs8	NM_144870.5	13.51	14.07	17.61	13.51	17.61	14.07	15.07
Ndufv1	NM_133666.3	54.0	48.61	49.6	48.61	54.0	49.6	50.74
Neat1	NR_003513.3	211.2	412.85	215.42	211.2	412.85	215.42	279.82
Neat1	NR_131212.1	38.05	53.48	35.59	35.59	53.48	38.05	42.37
Nfkb2	NM_001177369.1	20.2	20.03	20.55	20.03	20.55	20.2	20.26
Nfkb2	NM_019408.3	7.31	6.05	6.45	6.05	7.31	6.45	6.6
Nhlrc2	XM_006527267.5	7.83	6.72	6.82	6.72	7.83	6.82	7.12
Nmrk1	NM_145497.2	8.85	8.97	11.08	8.85	11.08	8.97	9.63
Noc3l	NM_021315.2	8.83	8.26	7.48	7.48	8.83	8.26	8.19
Nolc1	NM_001039351.2	6.98	7.48	5.94	5.94	7.48	6.98	6.8
Nolc1	NM_001039353.2	5.57	5.67	5.57	5.57	5.67	5.57	5.6
Npm3	NM_008723.2	43.61	36.6	37.86	36.6	43.61	37.86	39.36
Nt5c2	NM_029810.5	14.85	11.17	15.09	11.17	15.09	14.85	13.71
Nt5c2	NR_165253.1	14.05	16.15	10.15	10.15	16.15	14.05	13.45
Nudt22	NM_026675.2	13.24	9.37	9.85	9.37	13.24	9.85	10.82
Nudt22	XM_030251066.1	6.98	5.75	6.49	5.75	6.98	6.49	6.4
Nudt8	NM_025529.3	14.34	17.62	14.98	14.34	17.62	14.98	15.64
Nutf2-ps1	Nutf2-ps1	59.99	68.22	66.22	59.99	68.22	66.22	64.81
Nxf1	NM_016813.2	40.22	33.44	41.19	33.44	41.19	40.22	38.28
Nxf1	NM_001276704.1	20.68	27.96	24.66	20.68	27.96	24.66	24.43
Oga	NM_023799.4	31.14	24.8	21.42	21.42	31.14	24.8	25.79
Oga	XM_036161721.1	21.74	21.84	24.25	21.74	24.25	21.84	22.61
Oga	NR_151594.1	12.46	16.77	11.73	11.73	16.77	12.46	13.65
Oga	XM_017318305.3	9.86	11.34	11.08	9.86	11.34	11.08	10.76
Osbp	NM_001033174.1	17.69	19.54	17.93	17.69	19.54	17.93	18.39
Ostf1	NM_017375.3	301.08	284.1	288.25	284.1	301.08	288.25	291.14
Otub1	NM_134150.2	97.18	94.09	90.36	90.36	97.18	94.09	93.88
Pacs1	NM_153129.3	8.38	9.36	10.46	8.38	10.46	9.36	9.4
Patl1	NM_172635.3	7.51	7.03	9.77	7.03	9.77	7.51	8.11
Pcgf6	NM_027654.3	7.59	5.21	6.59	5.21	7.59	6.59	6.46
Pcnx3	XM_030250681.1	7.16	8.66	6.75	6.75	8.66	7.16	7.52
Pcnx3	XM_006531612.4	6.52	7.02	7.25	6.52	7.25	7.02	6.93
Pdcd11	NM_011053.2	8.87	10.14	9.13	8.87	10.14	9.13	9.38
Pdcd4	NM_001168491.1	13.32	13.03	11.22	11.22	13.32	13.03	12.52
Pdzd8	NM_001033222.3	15.22	16.08	16.67	15.22	16.67	16.08	15.99
Pgam1	NM_023418.2	435.56	440.63	484.21	435.56	484.21	440.63	453.47
Pi4k2a	NM_145501.2	32.74	33.13	33.61	32.74	33.61	33.13	33.16
Pik3ap1	NM_031376.4	119.16	125.07	115.74	115.74	125.07	119.16	119.99
Pik3ap1	XM_006527472.4	61.06	56.66	61.98	56.66	61.98	61.06	59.9
Pitpnm1	XM_030250773.2	11.76	14.08	12.63	11.76	14.08	12.63	12.82
Pitpnm1	NR_075078.1	10.38	11.11	13.11	10.38	13.11	11.11	11.53
Pitpnm1	XR_004940120.1	5.86	4.45	5.0	4.45	5.86	5.0	5.1
Plcb3	NM_001290349.1	23.1	21.65	17.66	17.66	23.1	21.65	20.8
Plgrkt	NM_026362.2	78.16	85.38	73.79	73.79	85.38	78.16	79.11
Plgrkt	XM_030251059.2	18.43	17.2	20.24	17.2	20.24	18.43	18.62
Plgrkt	XM_030251058.2	13.67	10.64	13.7	10.64	13.7	13.67	12.67
Plpp6	NM_028922.3	5.72	7.12	7.18	5.72	7.18	7.12	6.67
Pola2	NM_008893.3	8.66	6.78	8.84	6.78	8.84	8.66	8.09
Pold4	NM_027196.4	55.97	63.84	63.82	55.97	63.84	63.82	61.21
Pold4	NR_132280.1	19.53	6.73	17.86	6.73	19.53	17.86	14.71
Poll	NM_020032.3	6.47	8.21	5.99	5.99	8.21	6.47	6.89
Polr2g	NM_026329.2	85.25	76.95	77.66	76.95	85.25	77.66	79.95
Ppp1ca	NM_031868.2	393.89	382.64	396.49	382.64	396.49	393.89	391.0
Ppp1r14b	NM_008889.2	89.93	93.07	86.99	86.99	93.07	89.93	90.0
Ppp2r5b	NM_198168.3	21.63	22.96	23.77	21.63	23.77	22.96	22.79
Ppp6r3	NM_028999.1	21.44	17.86	22.96	17.86	22.96	21.44	20.75
Ppp6r3	XM_030250988.2	13.65	15.89	13.5	13.5	15.89	13.65	14.35
Ppp6r3	NM_029456.2	5.9	6.39	3.18	3.18	6.39	5.9	5.16
Prdx3	NM_007452.2	61.74	59.21	61.78	59.21	61.78	61.74	60.91
Prdx5	NM_012021.3	219.2	198.18	214.06	198.18	219.2	214.06	210.48
Prpf19	NM_134129.4	15.42	16.1	13.97	13.97	16.1	15.42	15.16
Psat1	NM_177420.2	10.12	12.64	9.42	9.42	12.64	10.12	10.73
Pten	NM_008960.2	46.21	46.33	45.43	45.43	46.33	46.21	45.99
Pum3	NM_177474.5	17.47	18.32	15.23	15.23	18.32	17.47	17.0
R3hcc1l	NM_177464.4	11.24	10.43	10.17	10.17	11.24	10.43	10.61
Rab1b	NM_029576.3	158.48	148.91	155.54	148.91	158.48	155.54	154.31
Rab3il1	NM_144538.3	89.91	85.02	88.64	85.02	89.91	88.64	87.86
Rab3il1	NM_001347430.1	26.49	20.35	30.68	20.35	30.68	26.49	25.84
Rab3il1	XM_036161717.1	9.6	8.18	8.92	8.18	9.6	8.92	8.9
Rab3il1	NR_166144.1	7.35	8.1	9.39	7.35	9.39	8.1	8.28
Rab3il1	NM_001378858.1	9.17	7.88	6.45	6.45	9.17	7.88	7.83
Rad9a	NM_011237.2	11.83	19.08	17.35	11.83	19.08	17.35	16.09
Ranbp6	NM_177721.4	8.27	8.78	8.08	8.08	8.78	8.27	8.38
Rbm14	NM_019869.3	7.64	8.68	7.68	7.64	8.68	7.68	8.0
Rbm4	NM_001290122.1	6.35	9.04	6.1	6.1	9.04	6.35	7.16
Rce1	NM_023131.2	12.19	15.58	9.44	9.44	15.58	12.19	12.41
Rce1	NR_160885.1	4.48	5.68	6.82	4.48	6.82	5.68	5.66
Rcl1	NM_021525.2	9.87	9.29	9.3	9.29	9.87	9.3	9.49
Rela	NM_009045.5	42.0	42.75	48.69	42.0	48.69	42.75	44.48
Rfk	NM_019437.3	33.4	33.92	34.2	33.4	34.2	33.92	33.84
Rhod	XM_006531644.3	9.31	8.84	8.47	8.47	9.31	8.84	8.87
Ric1	NM_001081319.1	9.12	7.13	7.95	7.13	9.12	7.95	8.07
Rnaseh2c	NM_026616.2	101.07	90.05	84.17	84.17	101.07	90.05	91.76
Rom1	NM_009073.4	7.45	6.83	6.94	6.83	7.45	6.94	7.07
Rpp30	NM_019428.3	21.7	21.95	22.67	21.7	22.67	21.95	22.11
Rps12-ps3	Rps12-ps3	3633.36	3492.33	3749.31	3492.33	3749.31	3633.36	3625.0
Rps6ka4	NM_019924.2	24.41	25.93	25.01	24.41	25.93	25.01	25.12
Rps6kb2	NM_021485.3	11.96	13.68	12.43	11.96	13.68	12.43	12.69
Rtn3	NM_053076.3	92.41	94.59	101.76	92.41	101.76	94.59	96.26
Sac3d1	NM_133678.3	8.62	8.1	6.22	6.22	8.62	8.1	7.65
Sart1	NM_016882.3	20.79	18.47	19.57	18.47	20.79	19.57	19.61
Scd1	NM_009127.4	9.34	10.98	12.18	9.34	12.18	10.98	10.83
Scd2	NM_009128.2	42.09	54.54	53.19	42.09	54.54	53.19	49.94
Scyl1	NM_023912.3	50.08	47.0	49.41	47.0	50.08	49.41	48.83
Scyl1	NR_155264.1	5.85	4.31	7.33	4.31	7.33	5.85	5.83
Scyl1	XM_030251145.2	4.56	5.17	5.37	4.56	5.37	5.17	5.03
Sdhaf2	NM_025333.4	28.2	29.43	29.03	28.2	29.43	29.03	28.88
Sf1	XM_030250930.2	15.28	19.51	19.03	15.28	19.51	19.03	17.94
Sf1	XM_030250929.1	6.84	8.7	6.76	6.76	8.7	6.84	7.43
Sf1	NM_011750.2	6.09	4.38	6.47	4.38	6.47	6.09	5.65
Sf3b2	NM_030109.2	125.43	125.05	122.73	122.73	125.43	125.05	124.4
Sfr1	NM_026377.2	95.68	89.16	95.54	89.16	95.68	95.54	93.46
Sfxn2	NM_053196.3	15.42	13.98	14.17	13.98	15.42	14.17	14.52
Sfxn3	NM_053197.4	7.47	9.21	9.01	7.47	9.21	9.01	8.56
Sgms1	NM_001168526.1	21.45	20.37	21.05	20.37	21.45	21.05	20.96
Sgms1	NM_144792.5	5.18	6.6	7.53	5.18	7.53	6.6	6.44
Sgms1	XM_011247202.3	5.13	5.8	6.11	5.13	6.11	5.8	5.68
Sh3pxd2a	XM_006526669.5	6.31	6.24	6.36	6.24	6.36	6.31	6.3
Shoc2	XM_011247299.3	26.73	23.55	25.9	23.55	26.73	25.9	25.39
Shoc2	NM_019658.6	10.9	7.9	8.56	7.9	10.9	8.56	9.12
Shtn1	NM_001114312.1	65.5	65.79	66.97	65.5	66.97	65.79	66.09
Sipa1	NM_001164568.1	22.93	31.12	26.63	22.93	31.12	26.63	26.89
Sipa1	NM_001164480.1	19.18	5.95	13.73	5.95	19.18	13.73	12.95
Sipa1	XM_030250828.2	4.18	7.27	8.42	4.18	8.42	7.27	6.62
Sipa1	NM_001164481.1	5.03	6.13	6.01	5.03	6.13	6.01	5.72
Slc15a3	NM_023044.2	176.92	161.72	155.24	155.24	176.92	161.72	164.63
Slc25a28	NM_145156.1	19.95	16.72	16.98	16.72	19.95	16.98	17.88
Slc25a28	XM_006527097.3	18.26	12.98	16.1	12.98	18.26	16.1	15.78
Slc25a28	XM_017318202.3	0.0	6.69	6.64	0.0	6.69	6.64	4.44
Slc25a45	NM_134154.4	56.73	57.89	54.03	54.03	57.89	56.73	56.22
Slc25a45	NM_001361973.1	12.55	11.32	8.85	8.85	12.55	11.32	10.91
Slc35g1	NM_175507.3	4.62	5.09	5.0	4.62	5.09	5.0	4.9
Slc3a2	XM_036161455.1	72.88	76.88	78.32	72.88	78.32	76.88	76.03
Slc3a2	NM_008577.4	36.43	27.44	34.09	27.44	36.43	34.09	32.65
Slc3a2	XM_006526733.4	9.16	7.41	10.04	7.41	10.04	9.16	8.87
Slf2	NM_001081225.2	12.59	14.95	14.57	12.59	14.95	14.57	14.03
Slk	NM_001164639.1	62.06	59.76	60.37	59.76	62.06	60.37	60.73
Slk	XM_006526827.5	6.25	7.3	9.31	6.25	9.31	7.3	7.62
Smc3	NM_007790.3	19.97	20.63	20.15	19.97	20.63	20.15	20.25
Smc5	NM_001252684.1	7.68	5.07	10.96	5.07	10.96	7.68	7.91
Smc5	NM_153808.2	6.41	3.15	6.53	3.15	6.53	6.41	5.37
Smndc1	NM_172429.3	20.42	12.9	13.42	12.9	20.42	13.42	15.58
Snhg1	NR_002896.3	69.35	69.74	65.44	65.44	69.74	69.35	68.18
Snord22	NR_004445.1	27.75	24.58	30.13	24.58	30.13	27.75	27.49
Snx15	NM_026912.2	21.85	14.21	24.02	14.21	24.02	21.85	20.03
Snx32	NM_001024560.3	8.42	10.99	6.86	6.86	10.99	8.42	8.76
Snx32	NM_001362042.1	4.44	5.54	6.15	4.44	6.15	5.54	5.38
Snx32	XR_388254.5	5.02	2.62	5.67	2.62	5.67	5.02	4.44
Ssh3	NM_198113.3	36.98	25.27	35.96	25.27	36.98	35.96	32.74
Ssh3	NM_001356620.1	15.35	21.14	17.27	15.35	21.14	17.27	17.92
Ssh3	NM_001374687.1	7.8	12.83	8.33	7.8	12.83	8.33	9.66
Stambpl1	NM_029682.5	15.44	15.51	15.99	15.44	15.99	15.51	15.65
Stambpl1	NM_001360716.1	7.47	9.03	6.98	6.98	9.03	7.47	7.83
Stambpl1	XM_006527451.5	8.18	5.96	7.39	5.96	8.18	7.39	7.17
Stip1	NM_016737.2	55.51	57.23	49.65	49.65	57.23	55.51	54.13
Stn1	NM_175360.3	11.44	13.59	14.29	11.44	14.29	13.59	13.11
Stx3	NM_152220.2	51.37	48.33	51.47	48.33	51.47	51.37	50.39
Stx5a	NM_019829.4	35.4	29.76	34.17	29.76	35.4	34.17	33.11
Stx5a	NM_001167799.1	32.39	35.96	30.98	30.98	35.96	32.39	33.11
Syvn1	NM_001164709.1	8.08	9.21	5.71	5.71	9.21	8.08	7.67
Taf5	NM_177342.3	6.4	5.56	5.97	5.56	6.4	5.97	5.98
Taf6l	NM_146092.2	16.57	15.69	14.59	14.59	16.57	15.69	15.62
Tbc1d12	NM_145952.4	10.47	8.39	8.52	8.39	10.47	8.52	9.13
Tcirg1	NM_001136091.2	659.08	691.68	695.49	659.08	695.49	691.68	682.08
Tcirg1	NM_001167784.1	43.86	42.5	40.0	40.0	43.86	42.5	42.12
Tcirg1	NM_016921.3	22.01	25.04	22.06	22.01	25.04	22.06	23.04
Tcirg1	XM_011248632.2	6.01	5.06	5.22	5.06	6.01	5.22	5.43
Tctn3	NM_026260.3	6.43	5.84	6.92	5.84	6.92	6.43	6.4
Tctn3	XR_001782613.3	4.87	5.67	6.27	4.87	6.27	5.67	5.6
Tjp2	NM_001198985.2	7.2	8.59	7.29	7.2	8.59	7.29	7.69
Tle4	NM_011600.3	13.5	13.51	11.1	11.1	13.51	13.5	12.71
Tm7sf2	NM_028454.2	8.29	9.8	8.59	8.29	9.8	8.59	8.9
Tm9sf3	NM_133352.2	148.64	139.71	140.58	139.71	148.64	140.58	142.98
Tmem109	NM_134142.1	41.04	41.41	44.74	41.04	44.74	41.41	42.4
Tmem134	NM_025889.2	25.75	28.89	30.28	25.75	30.28	28.89	28.31
Tmem134	NM_001078649.1	27.86	27.29	27.29	27.29	27.86	27.29	27.48
Tmem179b	NM_026325.3	76.7	73.93	80.34	73.93	80.34	76.7	76.99
Tmem179b	NR_028418.1	10.52	11.28	18.66	10.52	18.66	11.28	13.48
Tmem179b	NR_028419.1	12.19	9.24	9.86	9.24	12.19	9.86	10.43
Tmem223	NM_025791.1	42.27	41.46	44.01	41.46	44.01	42.27	42.58
Tmem258	NM_026919.1	225.17	230.56	240.17	225.17	240.17	230.56	231.97
Tnks2	XM_006527409.5	40.55	38.17	36.84	36.84	40.55	38.17	38.52
Tnks2	NM_001163635.1	23.33	22.47	25.05	22.47	25.05	23.33	23.62
Trim8	NM_053100.2	52.76	57.67	55.34	52.76	57.67	55.34	55.26
Trim8	XM_006527488.5	6.51	8.3	8.15	6.51	8.3	8.15	7.65
Trmt112	NM_001166370.1	16.64	17.04	18.43	16.64	18.43	17.04	17.37
Ttc9c	NM_027412.3	13.59	15.96	16.16	13.59	16.16	15.96	15.24
Ttc9c	XM_036161684.1	8.15	7.35	6.4	6.4	8.15	7.35	7.3
Tut1	NM_197993.3	12.67	11.71	11.28	11.28	12.67	11.71	11.89
Ubtd1	NM_145500.3	49.67	39.3	46.51	39.3	49.67	46.51	45.16
Ubxn1	NM_146093.2	96.62	110.79	109.51	96.62	110.79	109.51	105.64
Ubxn1	NM_001362044.1	53.83	49.42	39.71	39.71	53.83	49.42	47.65
Uhrf2	NM_144873.2	59.53	57.93	52.86	52.86	59.53	57.93	56.77
Uhrf2	XM_006526603.5	14.83	8.06	12.81	8.06	14.83	12.81	11.9
Uhrf2	XM_036161398.1	1.17	5.48	5.24	1.17	5.48	5.24	3.97
Unc93b1	NM_019449.2	588.3	581.44	573.74	573.74	588.3	581.44	581.16
Unc93b1	XM_006531798.3	21.04	19.59	21.09	19.59	21.09	21.04	20.57
Unc93b1	NM_001161428.1	8.46	3.55	11.22	3.55	11.22	8.46	7.74
Uqcc3	NM_001160356.1	46.41	52.82	47.39	46.41	52.82	47.39	48.87
Vegfb	NM_001185164.1	8.07	11.86	9.34	8.07	11.86	9.34	9.76
Vegfb	NM_011697.3	9.05	7.58	10.68	7.58	10.68	9.05	9.1
Vps13a	NM_173028.4	9.87	10.69	10.88	9.87	10.88	10.69	10.48
Vps37c	NM_181403.3	17.22	24.36	20.33	17.22	24.36	20.33	20.64
Vps51	NM_001081041.1	36.52	33.77	32.25	32.25	36.52	33.77	34.18
Vti1a	NM_016862.4	14.53	15.24	16.02	14.53	16.02	15.24	15.27
Wbp1l	NM_001177812.1	42.07	48.34	45.78	42.07	48.34	45.78	45.4
Wbp1l	NM_146099.3	18.51	13.97	19.1	13.97	19.1	18.51	17.19
Wdr74	NM_134139.1	23.64	24.07	24.36	23.64	24.36	24.07	24.02
Xpnpep1	NM_001374834.1	18.14	19.69	21.25	18.14	21.25	19.69	19.7
Xpnpep1	NM_133216.3	11.22	18.19	11.51	11.22	18.19	11.51	13.64
Yif1a	NM_026553.4	33.76	30.77	33.02	30.77	33.76	33.02	32.52
Zdhhc16	NM_023740.3	14.16	21.42	13.46	13.46	21.42	14.16	16.35
Zdhhc16	NM_001360676.1	10.77	3.91	9.7	3.91	10.77	9.7	8.13
Zdhhc6	NM_025883.4	36.71	35.39	35.75	35.39	36.71	35.75	35.95
Zfand5	XM_006527058.4	152.88	131.12	145.57	131.12	152.88	145.57	143.19
Zfand5	NM_009551.5	17.53	11.59	15.33	11.59	17.53	15.33	14.82
Zfp518a	NM_028319.1	9.05	11.73	11.16	9.05	11.73	11.16	10.64
Zfp91	NM_053009.3	89.61	82.52	87.08	82.52	89.61	87.08	86.4
Zfpl1	NM_024231.3	11.95	15.11	13.05	11.95	15.11	13.05	13.37
Zfpl1	NM_001356994.1	12.67	12.84	14.34	12.67	14.34	12.84	13.28
Zfyve27	NM_001164531.1	8.97	9.67	8.71	8.71	9.67	8.97	9.12
Znhit2	NM_013859.2	25.13	23.35	23.96	23.35	25.13	23.96	24.15
Znrd2	NM_020491.5	21.0	22.49	22.02	21.0	22.49	22.02	21.83
