Gm20762	Gm20762
Gm50357	Gm50357
Gm18999	Gm18999
Gm4242	Gm4242
XM_036161418.1	Csf2ra
NM_009970.2	Csf2ra
XM_011247132.4	Csf2ra
XM_011247130.4	Csf2ra
XM_011247131.4	Csf2ra
XM_017318052.3	Csf2ra
XM_036161419.1	Csf2ra
XM_036161420.1	Csf2ra
XR_003952743.2	Csf2ra
XR_003952744.2	Csf2ra
XR_004940112.1	Csf2ra
XR_003952745.2	Csf2ra
XR_003952748.2	Csf2ra
XR_877658.4	Csf2ra
NM_001177513.1	Gm7102
Gm5521	Gm5521
XR_004940281.1	Gm22365
Gm6020	Gm6020
Gm4238	Gm4238
NM_001001737.2	Zfp950
NM_001309216.1	Zfp950
XM_017318246.3	Zfp950
NM_001309195.1	Zfp950
XM_036161621.1	Zfp950
XM_036161622.1	Zfp950
NR_131956.1	Zfp950
NR_131954.1	Zfp950
NR_131955.1	Zfp950
NR_131953.1	Zfp950
XR_004940310.1	Gm22520
Gm9529	Gm9529
XM_017318066.3	Grk5
XM_011247149.4	Grk5
XM_036161439.1	Grk5
NM_018869.3	Grk5
XM_006526697.5	Grk5
NM_007452.2	Prdx3
NM_001362384.1	Sfxn4
NM_053198.4	Sfxn4
NM_001362385.1	Sfxn4
XM_030251146.2	Sfxn4
XM_036161735.1	Sfxn4
XR_003952830.2	Sfxn4
XR_003952831.2	Sfxn4
XR_004940190.1	Sfxn4
XR_001782624.3	Sfxn4
LOC118568411	LOC118568411
NM_001347464.1	Dennd10
NM_001167829.2	Dennd10
NM_026437.4	Dennd10
NM_001360619.1	Dennd10
NM_001360620.1	Dennd10
NR_034047.1	Snora19
NR_105743.1	Mir3084-2
NM_010123.3	Eif3a
NM_178421.3	Nanos1
XR_386854.3	Gm34406
XR_386855.3	Gm34459
XR_001782669.2	Gm46652
XR_003952898.1	Gm46652
XR_877980.1	Gm41884
XM_006527468.5	Cacul1
NM_030197.2	Cacul1
NM_001172096.1	Cacul1
NM_001172097.1	Cacul1
NM_201615.2	Prlhr
XM_006527057.4	Prlhr
XR_877978.1	Gm34300
XR_386851.2	Gm34300
XR_386853.2	Gm34300
XR_386852.2	Gm34300
XR_877977.1	Gm41882
XM_030251127.2	Fam204a
XM_036161723.1	Fam204a
XM_006527443.5	Fam204a
XM_006527445.4	Fam204a
XM_017318307.3	Fam204a
XM_006527447.4	Fam204a
XM_006527450.4	Fam204a
XM_006527444.4	Fam204a
NM_029648.7	Fam204a
NM_001358272.1	Fam204a
NM_001358271.1	Fam204a
NM_001358273.1	Fam204a
NR_152390.1	Fam204a
NR_152391.1	Fam204a
NR_026942.1	E330013P04Rik
XR_877975.2	Gm41881
XR_001782712.2	Gm46663
XR_004940228.1	Gm46663
Csf1r-ps	Csf1r-ps
XR_877974.1	Gm41880
XR_877973.2	Gm41879
XM_036161718.1	Rab11fip2
NM_001033172.3	Rab11fip2
NM_001164367.1	Rab11fip2
XM_011247386.4	Rab11fip2
XR_001782703.2	Gm46660
XR_004940227.1	Gm46662
XR_001782711.2	Gm46662
XR_001782710.3	Gm46661
XR_001782709.3	Gm41878
XR_004940226.1	Gm41878
XR_001782708.1	Gm19956
XR_386850.3	Gm19956
XR_001782707.2	Gm19956
Gm18161	Gm18161
NR_045308.1	2700089I24Rik
XM_006526657.5	Emx2
NM_010132.2	Emx2
NR_002863.2	Emx2os
XR_004940225.1	Gm33756
XR_386849.4	Gm33756
LOC118568410	LOC118568410
Rps12-ps3	Rps12-ps3
NM_001033222.3	Pdzd8
NM_172523.3	Slc18a2
NM_207261.3	Kcnk18
NR_167767.1	4930442E04Rik
XM_006526916.2	Vax1
NM_009501.3	Vax1
Gm9276	Gm9276
XR_004940315.1	LOC115489094
NM_001114312.1	Shtn1
NM_175172.4	Shtn1
XR_386512.4	Shtn1
XM_030250922.1	Eno4
NM_178689.4	Eno4
XM_006527056.4	Eno4
XM_006527055.4	Eno4
XM_006527054.4	Eno4
NR_037247.1	Mir3086
XR_003952907.1	Gm52393
XM_036161703.1	Hspa12a
XM_036161704.1	Hspa12a
XM_036161702.1	Hspa12a
NM_175199.3	Hspa12a
XM_006527379.5	Hspa12a
XM_006527377.3	Hspa12a
XM_011247368.4	Hspa12a
NM_001327998.1	Hspa12a
XR_877967.3	Gm41877
NM_026208.2	1700019N19Rik
NM_001368688.1	1700019N19Rik
NM_001368689.1	1700019N19Rik
XR_003952908.1	Gm52394
NM_011128.2	Pnliprp2
NM_018874.2	Pnliprp1
NR_038140.1	1810018F18Rik
XR_386843.1	1810035K13Rik
NM_026925.4	Pnlip
NR_038136.1	1810007D17Rik
XM_006527423.1	Ccdc172
XM_017318304.1	Ccdc172
XM_006527422.2	Ccdc172
NM_001374039.1	Ccdc172
NM_001373969.2	Ccdc172
NM_029372.3	Ccdc172
NM_001373968.2	Ccdc172
XR_004940180.1	Ccdc172
XR_386842.3	Gm33306
XR_877966.1	Gm41876
NR_040449.1	Gm10007
XM_017318325.3	Gm46650
XM_006526683.5	Gfra1
XM_006526684.1	Gfra1
XM_006526682.1	Gfra1
XM_006526681.2	Gfra1
XM_030250753.2	Gfra1
NM_010279.3	Gfra1
NM_001285457.2	Gfra1
NR_104342.1	Gfra1
XR_003952870.2	Gm50287
NR_049196.1	Mir5623
XR_003952871.2	Gm32980
XR_001782644.3	Gm32980
XR_003952872.2	Gm32980
XR_004940222.1	Gm52385
XR_004940224.1	Gm52385
XR_003952873.2	Gm52385
XR_004940221.1	Gm52385
XR_004940220.1	Gm52385
XR_004940223.1	Gm52385
NM_181415.4	Atrnl1
XM_006527052.4	Atrnl1
XM_006527051.4	Atrnl1
XM_036161584.1	Atrnl1
XM_036161583.1	Atrnl1
XM_006527049.4	Atrnl1
XM_011247244.2	Atrnl1
XM_030250921.2	Atrnl1
XR_001782587.2	Atrnl1
XR_877962.2	Gm32932
NR_040307.1	6720468P15Rik
NR_040306.1	6720468P15Rik
NM_029839.3	Trub1
NM_028115.3	Trub1
XM_006527356.4	Trub1
XM_006527357.5	Trub1
XR_386517.5	Trub1
XR_004940175.1	Trub1
XR_877961.3	Gm41874
XR_004940219.1	LOC118568397
NM_145505.4	Fam160b1
XM_030250920.2	Fam160b1
XR_001782586.2	Fam160b1
XR_003952853.1	Gm50270
NR_040316.1	B230217O12Rik
NR_045319.1	4930449E18Rik
XM_017318186.3	Ablim1
XM_017318184.3	Ablim1
XM_030250919.2	Ablim1
XM_030250918.2	Ablim1
XM_006527048.5	Ablim1
XM_017318182.3	Ablim1
XM_017318183.2	Ablim1
XM_017318173.3	Ablim1
XM_017318174.3	Ablim1
XM_030250912.1	Ablim1
XM_030250915.1	Ablim1
XM_017318181.3	Ablim1
XM_017318178.3	Ablim1
XM_006527041.5	Ablim1
XM_017318179.3	Ablim1
XM_006527044.5	Ablim1
XM_006527037.5	Ablim1
XM_030250914.2	Ablim1
XM_006527039.5	Ablim1
XM_006527038.5	Ablim1
XM_017318177.3	Ablim1
XM_006527040.5	Ablim1
XM_006527033.5	Ablim1
XM_006527035.5	Ablim1
XM_006527034.5	Ablim1
XM_006527036.5	Ablim1
XM_017318172.3	Ablim1
XM_006527028.5	Ablim1
XM_017318175.3	Ablim1
XM_030250913.1	Ablim1
XM_030250916.1	Ablim1
XM_030250917.1	Ablim1
NM_001103178.3	Ablim1
NM_001347459.1	Ablim1
NM_001103177.3	Ablim1
NM_001290815.2	Ablim1
NM_001290816.2	Ablim1
NM_178688.4	Ablim1
NM_001290813.2	Ablim1
NM_001362446.1	Ablim1
NM_001362445.1	Ablim1
XR_877960.3	Gm38597
XR_877959.3	Gm38597
XR_003952852.1	Gm38597
XM_036161578.1	Afap1l2
XM_036161579.1	Afap1l2
XM_006527024.3	Afap1l2
XM_036161576.1	Afap1l2
XM_036161575.1	Afap1l2
XM_036161577.1	Afap1l2
XM_036161573.1	Afap1l2
XM_036161572.1	Afap1l2
XM_036161574.1	Afap1l2
NM_001177796.1	Afap1l2
NM_146102.2	Afap1l2
NM_001177797.1	Afap1l2
XM_006527091.1	Vwa2
XM_006527090.1	Vwa2
NM_172840.2	Vwa2
XM_006527479.3	Tdrd1
NM_001002241.2	Tdrd1
XM_006527477.4	Tdrd1
XM_006527476.2	Tdrd1
NM_031387.3	Tdrd1
XM_006527474.1	Tdrd1
XM_006527475.4	Tdrd1
NM_001002240.2	Tdrd1
NM_001002238.2	Tdrd1
XM_006527478.1	Tdrd1
XM_006527473.1	Tdrd1
XM_006526852.2	Ccdc186
NM_170757.2	Ccdc186
Gm6990	Gm6990
XR_877950.3	Gm32718
XR_001782685.2	Gm32718
NM_007419.3	Adrb1
XR_386829.4	Gm32575
XR_386826.3	Gm32575
XR_386828.4	Gm32575
XR_386825.2	Gm32492
XR_003952901.1	Gm52389
NR_166869.1	Gm32441
XM_006527267.5	Nhlrc2
NM_025811.3	Nhlrc2
XR_001782612.2	Nhlrc2
XR_004940167.1	Nhlrc2
XM_006527217.3	Dclre1a
NM_001360437.1	Dclre1a
NM_001360438.1	Dclre1a
NM_001360439.1	Dclre1a
NM_018831.4	Dclre1a
NR_153440.1	Dclre1a
NR_153439.1	Dclre1a
XR_877682.3	Dclre1a
LOC115486127	LOC115486127
XM_006527022.5	Plekhs1
NM_001164263.1	Plekhs1
NM_172641.3	Plekhs1
XM_006527018.3	Plekhs1
XR_001782684.3	Gm46657
NM_007611.2	Casp7
XM_006526616.5	Casp7
XR_003952899.2	Gm17197
XR_877946.4	Gm17197
NM_008733.4	Nrap
NM_198059.3	Nrap
NM_001286552.1	Nrap
XM_006526747.5	Nrap
XM_036161457.1	Nrap
XM_006526745.5	Nrap
XM_006526748.5	Nrap
XM_006526746.5	Nrap
XM_017318167.1	Habp2
NM_001329936.1	Habp2
NM_146101.2	Habp2
NM_001329935.1	Habp2
XM_030250907.1	Habp2
XM_006527014.3	Habp2
XR_004940270.1	Gm22271
XR_386819.4	Gm32257
XR_877948.3	Gm32257
XR_877947.3	Gm32257
XR_877944.1	Gm32144
XR_386817.2	Gm32144
XR_386815.2	Gm32028
XR_386816.2	Gm32028
XR_877942.1	Gm32028
XR_386814.2	Gm32028
XR_386813.3	Gm31965
XR_386812.4	Gm31912
XR_004940218.1	Gm31912
XR_003952892.2	Gm52387
XR_386811.4	Gm4470
XR_003952905.1	Gm52391
NM_001142924.2	Tcf7l2
XM_030250853.2	Tcf7l2
XM_030250851.2	Tcf7l2
XM_030250855.2	Tcf7l2
XM_006526894.5	Tcf7l2
XM_017318135.3	Tcf7l2
XM_030250854.1	Tcf7l2
XM_006526897.4	Tcf7l2
XM_030250859.1	Tcf7l2
XM_006526895.4	Tcf7l2
XM_030250860.1	Tcf7l2
XM_017318132.2	Tcf7l2
NM_001331141.1	Tcf7l2
NM_001331145.1	Tcf7l2
NM_001331144.1	Tcf7l2
NM_001331143.1	Tcf7l2
NM_001331140.1	Tcf7l2
NM_001331142.1	Tcf7l2
NM_001142923.2	Tcf7l2
NM_001331139.1	Tcf7l2
NM_001142919.2	Tcf7l2
NM_009333.4	Tcf7l2
NM_001142922.2	Tcf7l2
NM_001142918.2	Tcf7l2
NM_001331137.1	Tcf7l2
NM_001142921.2	Tcf7l2
NM_001331136.1	Tcf7l2
NM_001331135.1	Tcf7l2
NM_001331138.1	Tcf7l2
NM_001142920.2	Tcf7l2
NM_001331147.1	Tcf7l2
NM_001331150.1	Tcf7l2
NM_001331149.1	Tcf7l2
NM_001331146.1	Tcf7l2
NM_001331148.1	Tcf7l2
XM_036161507.1	Tcf7l2
XM_017318112.3	Tcf7l2
XM_036161508.1	Tcf7l2
XM_030250847.2	Tcf7l2
XM_017318131.3	Tcf7l2
XM_006526888.5	Tcf7l2
XM_006526866.5	Tcf7l2
XM_036161506.1	Tcf7l2
XM_017318126.3	Tcf7l2
XM_017318119.3	Tcf7l2
XM_017318115.3	Tcf7l2
XM_006526861.5	Tcf7l2
XM_017318114.3	Tcf7l2
XM_017318110.3	Tcf7l2
XM_017318117.3	Tcf7l2
XM_006526860.5	Tcf7l2
XM_017318116.3	Tcf7l2
XM_017318127.3	Tcf7l2
NR_138565.1	Tcf7l2
NR_168129.1	Gm31734
NR_168127.1	Gm31734
NR_168128.1	Gm31734
XR_877940.3	Gm41871
NR_045318.1	4930552P12Rik
XM_006527196.5	Vti1a
XM_006527198.5	Vti1a
XM_036161634.1	Vti1a
XM_006527185.5	Vti1a
XM_006527184.5	Vti1a
XM_036161631.1	Vti1a
XM_036161630.1	Vti1a
XM_036161633.1	Vti1a
XM_006527188.4	Vti1a
XM_006527191.4	Vti1a
XM_006527192.5	Vti1a
XM_030250990.2	Vti1a
XM_017318251.3	Vti1a
XM_036161636.1	Vti1a
XM_036161635.1	Vti1a
NM_001360432.1	Vti1a
NM_016862.4	Vti1a
NM_001293686.1	Vti1a
NM_001293685.1	Vti1a
NM_001360431.1	Vti1a
XM_030251032.1	Zdhhc6
XM_006527268.4	Zdhhc6
XM_011247316.3	Zdhhc6
NM_001033573.2	Zdhhc6
NM_025883.4	Zdhhc6
NM_001360595.1	Zdhhc6
XR_877934.3	Gm31595
XR_003952866.1	Gm31595
XR_003952868.2	Gm31595
XR_003952867.1	Gm31595
XR_003952869.1	Gm31595
XR_003952865.1	Gm31595
NM_027976.2	Acsl5
XM_006527178.4	Acsl5
XM_030251101.2	Gucy2g
XM_030251100.2	Gucy2g
XM_030251102.2	Gucy2g
NM_001371012.1	Gucy2g
NM_001081076.3	Gucy2g
NR_106146.1	Mir6715
XM_006526902.2	Tectb
XM_006526903.2	Tectb
NM_009348.4	Tectb
XR_877930.3	Gm31418
XR_877929.4	Gm31418
XR_386805.5	Gm31418
XR_386803.5	Gm31418
XR_003952927.2	Gm31356
XR_004940215.1	Gm31356
XR_001782665.3	Gm31356
XR_001782666.3	Gm31356
NM_008149.4	Gpam
NM_001356285.1	Gpam
XM_036161438.1	Gpam
XM_036161436.1	Gpam
XM_036161437.1	Gpam
XM_006526692.5	Gpam
XM_006526694.2	Gpam
XR_004940119.1	Gpam
XR_877928.2	Gm41867
XR_386801.2	Gm31301
Gm52412	Gm52412
XR_877926.2	Gm41866
XR_877925.1	Gm41865
NM_007417.5	Adra2a
XM_036161642.1	Shoc2
NM_019658.6	Shoc2
NM_001355242.1	Shoc2
XM_030251001.1	Shoc2
XM_011247299.3	Shoc2
NM_001168505.1	Shoc2
XM_006527228.5	Shoc2
XM_030250674.1	Bbip1
XM_036161364.1	Bbip1
XM_006526550.3	Bbip1
XM_006526547.3	Bbip1
NM_001195338.1	Bbip1
NM_001195348.1	Bbip1
XM_036161460.1	Pdcd4
XM_030250769.1	Pdcd4
XM_036161461.1	Pdcd4
XM_006526762.5	Pdcd4
XM_036161459.1	Pdcd4
NM_001168492.1	Pdcd4
NM_001168491.1	Pdcd4
XM_030250768.2	Pdcd4
NM_011050.4	Pdcd4
XM_036161742.1	Gm30990
XR_877919.4	Gm16299
XR_004940233.1	Gm16299
XR_004940234.1	Gm16299
XR_877920.2	Gm30890
XR_386793.3	Gm30943
XR_001782674.3	Gm46653
XM_036161706.1	Rbm20
XM_006527385.5	Rbm20
XM_011247372.3	Rbm20
NM_001170847.1	Rbm20
XM_036161707.1	Rbm20
XM_011247371.2	Rbm20
NM_007790.3	Smc3
Nutf2-ps1	Nutf2-ps1
XR_004940232.1	LOC118568399
NM_001085390.2	Dusp5
XR_386791.2	Gm30826
NR_167900.1	4833407H14Rik
NR_028427.1	Mirt1
XM_006527440.5	Smndc1
XM_006527442.5	Smndc1
NM_001356986.1	Smndc1
NM_172429.3	Smndc1
NM_001008543.3	Mxi1
XM_030250764.2	Mxi1
XM_030250765.1	Mxi1
NM_001360347.1	Mxi1
NM_001360346.1	Mxi1
XM_030250763.1	Mxi1
NM_010847.4	Mxi1
NM_001360345.1	Mxi1
XM_006526739.2	Mxi1
NM_001360348.1	Mxi1
NM_001008542.3	Mxi1
XM_006526735.5	Mxi1
XR_877915.4	Gm30541
XR_003952893.2	Gm30541
XR_004940230.1	Gm30541
XR_003952894.2	Gm30541
XR_003952895.2	Gm30541
XR_004940231.1	Gm30541
Gm36339	Gm36339
NR_036590.1	1700001K23Rik
XR_003952924.1	Gm52402
XM_030250959.2	Add3
XM_030250960.2	Add3
XM_030250963.2	Add3
XM_030250965.2	Add3
NM_013758.5	Add3
XM_030250962.2	Add3
NM_001164100.2	Add3
NM_001277100.1	Add3
XM_036161610.1	Add3
XM_030250961.2	Add3
NM_001164101.2	Add3
NM_001164099.2	Add3
XR_001782729.2	Gm9618
XR_386781.3	Gm9618
XR_386783.3	Gm9618
NR_166769.1	Gm30381
XR_877903.1	Gm41862
NR_045320.1	1700054A03Rik
XR_386779.2	Gm30234
XR_877909.1	Gm30234
XR_877906.2	Gm30234
XR_001782702.1	Gm30234
XR_001782701.1	Gm30234
XR_877907.2	Gm30234
XR_877904.1	Gm30234
XR_877910.2	Gm30234
XR_877911.2	Gm30234
XR_004940229.1	LOC118568398
NR_105834.1	Mir6407
XR_877902.3	Gm41861
NM_001374834.1	Xpnpep1
XM_017318075.3	Xpnpep1
XM_011247159.2	Xpnpep1
NM_133216.3	Xpnpep1
XM_030250761.2	Xpnpep1
XM_011247158.3	Xpnpep1
NR_030678.1	AA387883
XR_877901.1	Gm41860
NM_008386.4	Ins1
Gm4115	Gm4115
Rpl31-ps18	Rpl31-ps18
XR_004940288.1	Gm25644
NR_166832.1	Gm26629
NM_001290356.1	Sorcs1
XM_006527244.5	Sorcs1
XM_006527243.3	Sorcs1
NM_001360457.1	Sorcs1
NM_021377.3	Sorcs1
NM_001252501.1	Sorcs1
XM_030251009.2	Sorcs1
XM_017318265.3	Sorcs1
XM_030251008.2	Sorcs1
Rpl13a-ps1	Rpl13a-ps1
Siah1-ps1	Siah1-ps1
Gm6975	Gm6975
NM_025696.3	Sorcs3
NM_001163267.1	Cfap58
XM_036161623.1	Itprip
NM_001362459.1	Itprip
NM_001362458.1	Itprip
NM_001001738.3	Itprip
XM_036161675.1	Gsto2
NM_026619.2	Gsto2
XM_030251063.1	Gsto2
NM_030051.1	Gsto2
XM_030251064.2	Gsto2
XM_030251062.2	Gsto2
NM_010362.3	Gsto1
NR_166768.1	Gm30021
NR_106165.1	Mir8090
XM_006526534.5	Cfap43
XM_036161360.1	Cfap43
XM_017318032.3	Cfap43
XM_017318031.3	Cfap43
XM_006526532.5	Cfap43
XM_011247103.4	Cfap43
NM_027559.2	Cfap43
XR_001782551.3	Cfap43
XR_003952732.2	Cfap43
NM_026377.2	Sfr1
XM_006527308.4	Sfr1
XR_004940295.1	Gm24805
Gm26085	Gm26085
NM_001290825.1	Col17a1
NM_007732.2	Col17a1
XR_386772.1	Gm16068
XM_006526827.5	Slk
NM_001164639.1	Slk
NM_009289.3	Slk
NR_045322.1	Gm19557
XM_006526598.4	Stn1
NM_175360.3	Stn1
XM_030250695.1	Stn1
XR_877899.1	Gm41858
XR_003952863.2	Gm52384
XR_003952862.2	Gm52384
XR_386770.5	Gm36885
XR_386771.3	Gm29834
NR_105961.1	Mir6995
XM_006526670.5	Sh3pxd2a
NM_008018.4	Sh3pxd2a
NM_001164717.1	Sh3pxd2a
XM_006526669.5	Sh3pxd2a
XM_036161432.1	Sh3pxd2a
XR_003952864.2	Gm36693
NM_001163480.1	Neurl1a
XM_036161456.1	Neurl1a
NM_021360.4	Neurl1a
H1f11-ps	H1f11-ps
Calhm3	Calhm3
NM_001081271.1	Calhm1
NM_133746.5	Calhm2
NM_011053.2	Pdcd11
XR_003952751.2	Pdcd11
XR_877666.3	Pdcd11
XR_003952752.2	Pdcd11
NM_023211.5	Atp5md
NM_177342.3	Taf5
XR_004940282.1	Gm23140
XM_036161687.1	Pcgf6
NM_001360632.1	Pcgf6
NM_027654.3	Pcgf6
XM_030251075.1	Pcgf6
XM_006527338.5	Pcgf6
NR_153762.1	Pcgf6
NR_133574.1	Pcgf6
XR_004940173.1	Pcgf6
XR_003952814.1	Pcgf6
XR_003952816.1	Pcgf6
XR_386508.5	Pcgf6
XR_001782614.3	Pcgf6
NM_146100.5	Ina
Gm18657	Gm18657
Gm18490	Gm18490
XM_036161726.1	Nt5c2
XM_036161728.1	Nt5c2
XM_030251131.1	Nt5c2
NM_001377070.1	Nt5c2
XM_036161724.1	Nt5c2
NM_001377069.1	Nt5c2
XM_030251140.2	Nt5c2
XM_030251130.2	Nt5c2
XM_036161727.1	Nt5c2
XM_036161725.1	Nt5c2
XM_030251137.1	Nt5c2
NM_029810.5	Nt5c2
XM_036161729.1	Nt5c2
NM_001377068.1	Nt5c2
NM_001164365.2	Nt5c2
NM_001164363.2	Nt5c2
NM_001377066.1	Nt5c2
NR_165253.1	Nt5c2
NR_165068.1	Nt5c2
NR_165061.1	Nt5c2
NR_165072.1	Nt5c2
NR_165066.1	Nt5c2
NR_165071.1	Nt5c2
NR_165070.1	Nt5c2
NR_165058.1	Nt5c2
NR_165075.1	Nt5c2
NR_165073.1	Nt5c2
NR_028353.2	Nt5c2
NR_165069.1	Nt5c2
NR_165076.1	Nt5c2
NR_165060.1	Nt5c2
NR_165074.1	Nt5c2
NR_165067.1	Nt5c2
NR_165062.1	Nt5c2
NR_165059.1	Nt5c2
NR_165065.1	Nt5c2
NR_165063.1	Nt5c2
NR_165064.1	Nt5c2
NM_001102471.1	Cnnm2
NM_033569.3	Cnnm2
XM_006527490.4	Cnnm2
XR_004940188.1	Cnnm2
XM_036161647.1	As3mt
XM_011247302.4	As3mt
NM_020577.3	As3mt
XM_030251005.2	As3mt
XM_006527235.3	As3mt
XR_003952795.2	As3mt
NM_025563.3	Borcs7
Gm6967	Gm6967
NR_166896.1	Gm41857
NM_007809.3	Cyp17a1
XR_001782663.2	Gm36602
NM_001177813.1	Wbp1l
NM_146099.3	Wbp1l
NM_001177812.1	Wbp1l
NM_053196.3	Sfxn2
XR_003952829.2	Sfxn2
XR_386525.4	Sfxn2
NM_001355233.1	Arl3
NM_019718.3	Arl3
XM_006527488.5	Trim8
NM_053100.2	Trim8
NM_001025391.2	Sufu
NM_015752.3	Sufu
NM_016860.2	Actr1a
NM_001365070.1	Actr1a
Gm24610	Gm24610
NM_029186.2	Mfsd13a
XR_386522.2	Mfsd13a
NR_040418.1	2310034G01Rik
NR_030468.1	Mir146b
XR_386761.5	Gm36493
XR_004940212.1	Gm36493
XR_386762.5	Gm36493
XR_386763.5	Gm36493
XM_011247317.3	Cuedc2
XM_030251044.1	Cuedc2
XM_036161660.1	Cuedc2
XM_030251038.2	Cuedc2
XM_011247319.3	Cuedc2
XM_030251042.2	Cuedc2
XM_006527275.5	Cuedc2
XM_030251034.2	Cuedc2
XM_006527279.5	Cuedc2
XM_006527277.5	Cuedc2
XM_030251037.2	Cuedc2
XM_011247318.3	Cuedc2
XM_030251039.2	Cuedc2
XM_006527278.4	Cuedc2
XM_006527280.3	Cuedc2
XM_030251040.2	Cuedc2
XM_030251033.2	Cuedc2
XM_036161662.1	Cuedc2
XM_030251043.2	Cuedc2
XM_011247320.3	Cuedc2
XM_011247321.3	Cuedc2
XM_030251036.2	Cuedc2
XM_030251041.2	Cuedc2
XM_006527276.4	Cuedc2
XM_030251035.2	Cuedc2
NM_001164290.1	Cuedc2
NM_024192.2	Cuedc2
NM_001164291.1	Cuedc2
NM_001164293.1	Cuedc2
NM_001164294.1	Cuedc2
NM_001164292.1	Cuedc2
NM_001164295.1	Cuedc2
XM_036161678.1	Fbxl15
NM_001378773.1	Fbxl15
NM_133694.2	Fbxl15
XM_036161708.1	Psd
XM_011247377.4	Psd
XM_006527389.4	Psd
XM_030251109.1	Psd
XM_030251110.1	Psd
XM_030251104.2	Psd
XM_011247376.4	Psd
XM_030251107.2	Psd
XM_006527386.5	Psd
XM_030251105.2	Psd
XM_030251111.2	Psd
NM_028627.2	Psd
XM_006527388.5	Psd
XM_030251108.2	Psd
XM_006527391.4	Psd
XM_030251106.1	Psd
XM_006527393.3	Psd
NM_001347454.1	Psd
XR_386518.4	Psd
XR_004940176.1	Psd
NR_152247.1	4833438C02Rik
NR_152248.1	4833438C02Rik
NM_001177370.1	Nfkb2
NM_019408.3	Nfkb2
NM_001177369.1	Nfkb2
XM_006526743.5	Nfkb2
Gm8974	Gm8974
XM_006526583.3	Gbf1
NM_178930.3	Gbf1
XM_006526581.4	Gbf1
XM_006526580.4	Gbf1
XM_006526582.4	Gbf1
NM_008852.4	Pitx3
XM_006526764.4	Pitx3
NM_007703.2	Elovl3
NM_001374665.1	Elovl3
NM_001039351.2	Nolc1
NM_001039353.2	Nolc1
NM_053086.3	Nolc1
NM_001039352.2	Nolc1
XM_011247241.2	Pprc1
XM_011247240.4	Pprc1
XM_006527011.3	Pprc1
XM_006527010.3	Pprc1
NM_001081214.1	Pprc1
NM_001346801.1	Pprc1
XM_017318166.3	Pprc1
XM_036161570.1	Pprc1
XM_030250906.2	Pprc1
XM_011247239.3	Pprc1
XM_030250905.2	Pprc1
XM_030250902.2	Pprc1
XM_006527007.4	Pprc1
XM_006527009.4	Pprc1
XM_030250903.2	Pprc1
XM_006527008.4	Pprc1
XM_036161453.1	Ldb1
NM_001360336.1	Ldb1
NM_010697.2	Ldb1
NM_001113408.2	Ldb1
XM_030250759.2	Ldb1
XM_030250760.2	Ldb1
XM_006526723.4	Ldb1
NM_176785.3	Hps6
NR_152221.1	4930505N22Rik
Gm6813	Gm6813
XM_006527344.5	Armh3
NM_198296.2	Armh3
XM_036161693.1	Armh3
XM_011247345.3	Armh3
XM_036161692.1	Armh3
XR_386511.4	Armh3
XM_006527469.4	Kcnip2
XM_017318315.3	Kcnip2
XM_006527470.5	Kcnip2
NM_001276358.1	Kcnip2
NM_145703.2	Kcnip2
NM_030716.3	Kcnip2
NM_145704.2	Kcnip2
XM_017318305.3	Oga
XM_036161721.1	Oga
NM_023799.4	Oga
XR_004940181.1	Oga
NR_151594.1	Oga
NM_008723.2	Npm3
NM_010205.2	Fgf8
NM_001166361.1	Fgf8
NM_001166362.1	Fgf8
NM_001166363.1	Fgf8
XM_006526668.4	Fgf8
XM_036161431.1	Fgf8
NM_001379139.1	Fgf8
NM_001379140.1	Fgf8
NR_045307.1	4933429K18Rik
XM_011247259.4	Fbxw4
NM_013907.2	Fbxw4
XM_011247261.4	Fbxw4
XM_011247258.4	Fbxw4
XM_006527131.5	Fbxw4
XR_001782592.3	Fbxw4
XR_877675.4	Fbxw4
XR_386481.5	Fbxw4
XR_386482.5	Fbxw4
NM_001356947.1	Dpcd
NM_172639.3	Dpcd
XM_011247238.4	Dpcd
XM_030250901.2	Dpcd
XM_036161645.1	Poll
XM_036161646.1	Poll
NM_001330506.1	Poll
NM_001330507.1	Poll
NM_020032.3	Poll
XM_036161644.1	Poll
XR_386758.2	Gm19639
XR_001782646.3	Gm41856
Gm6807	Gm6807
Gm18104	Gm18104
XM_006526615.3	Btrc
XM_011247121.4	Btrc
XM_030250722.1	Btrc
XM_011247127.3	Btrc
XM_036161411.1	Btrc
XM_036161410.1	Btrc
XM_030250712.1	Btrc
XM_030250716.1	Btrc
XM_036161412.1	Btrc
XM_036161409.1	Btrc
XM_030250720.1	Btrc
XM_030250715.1	Btrc
XM_030250711.1	Btrc
XM_036161408.1	Btrc
XM_011247120.4	Btrc
XM_030250721.2	Btrc
XM_030250713.2	Btrc
NM_009771.3	Btrc
NM_001360127.1	Btrc
NM_001286466.1	Btrc
NM_001286465.1	Btrc
NM_001037758.2	Btrc
NM_001360126.1	Btrc
NM_001360122.1	Btrc
NM_001360120.1	Btrc
NM_001360124.1	Btrc
XM_036161406.1	Btrc
XM_036161405.1	Btrc
XM_006526612.4	Btrc
XM_006526613.4	Btrc
XM_030250719.2	Btrc
XM_030250714.2	Btrc
XM_036161413.1	Btrc
XM_011247123.4	Btrc
XM_030250718.2	Btrc
XM_006526614.5	Btrc
XM_036161407.1	Btrc
XM_011247119.4	Btrc
NR_167748.1	Gm29593
XR_386755.3	Gm28578
NR_167743.1	Gm29595
NM_010691.6	Lbx1
NM_021901.3	Tlx1
XM_006526915.4	Tlx1
XR_386750.3	Gm35923
XR_386749.3	Gm35867
XM_017318042.2	Kazald1
NM_001362397.1	Kazald1
NM_178929.5	Kazald1
NM_001362398.1	Kazald1
XM_006526566.3	Kazald1
XM_030250686.2	Kazald1
XM_006526567.4	Kazald1
XR_004940211.1	Gm35782
XR_003952848.2	Gm35782
XR_003952849.2	Gm35782
XR_003952850.2	Gm35782
XR_877884.1	Gm35782
XR_877886.1	Gm35782
XR_877888.2	Gm35782
XR_877883.2	Gm35782
XR_877887.2	Gm35782
NM_001178013.1	Sfxn3
NM_001362381.1	Sfxn3
NM_001178012.1	Sfxn3
NM_053197.4	Sfxn3
NM_001362380.1	Sfxn3
NM_001362379.1	Sfxn3
XM_006527493.3	Sfxn3
NR_155547.1	Sfxn3
XM_017318033.3	Pdzd7
XM_006526542.3	Pdzd7
XM_017318034.3	Pdzd7
NM_001195265.1	Pdzd7
XM_006526536.3	Pdzd7
XM_006526538.3	Pdzd7
XM_006526537.5	Pdzd7
XR_386435.4	Pdzd7
XR_003952733.2	Pdzd7
XR_003952735.2	Pdzd7
XR_003952734.2	Pdzd7
XR_003952736.2	Pdzd7
XR_877655.3	Pdzd7
XM_030250900.1	Lzts2
NM_001130526.1	Lzts2
XM_006527005.5	Lzts2
XM_030250899.2	Lzts2
XM_030250898.2	Lzts2
XM_006527004.4	Lzts2
NM_001130525.1	Lzts2
NM_145503.2	Lzts2
NM_001348259.1	Twnk
NM_153796.4	Twnk
NM_001348254.1	Twnk
NM_053164.3	Mrpl43
NM_011976.1	Sema4g
XM_036161604.1	Sema4g
XM_036161602.1	Sema4g
XM_036161603.1	Sema4g
XM_036161601.1	Sema4g
XR_004940151.1	Sema4g
XR_386477.3	Sema4g
XR_003952792.2	Sema4g
XR_004940150.1	Sema4g
XR_386479.2	Sema4g
XR_386476.4	Sema4g
NR_040294.1	4930414N06Rik
XR_004940292.1	Gm25482
XM_011247236.4	Slf2
NM_001081225.2	Slf2
NM_172638.2	Slf2
XM_006527000.5	Slf2
XR_004940142.1	Slf2
XR_004940141.1	Slf2
XR_386468.4	Slf2
XR_001782585.2	Slf2
Gm5246	Gm5246
NR_045315.1	1700039E22Rik
NR_105831.1	Mir6405
NM_001368750.1	Pax2
NM_001368748.1	Pax2
NM_001368749.1	Pax2
NM_001368746.1	Pax2
NM_001368751.1	Pax2
NM_001368747.1	Pax2
NM_011037.5	Pax2
NM_001368743.1	Pax2
NM_001368745.1	Pax2
NM_001368744.1	Pax2
XR_386745.3	Gm35610
XR_386744.3	Gm35610
XR_386746.3	Gm35610
XR_386742.3	Gm35610
XR_386743.3	Gm35610
NR_167740.2	Gm26644
NR_167899.1	Gm26644
XR_877880.2	Gm41854
XR_877878.4	Gm35460
XR_877877.2	Gm35460
XR_001782728.2	Gm35460
XR_877876.2	Gm35460
XR_386739.3	Gm35460
XR_877875.2	Gm35460
NM_176958.3	Hif1an
NM_026061.3	Ndufb8
NM_001347447.1	Ndufb8
NM_001033343.1	Sec31b
NM_011720.3	Wnt8b
XR_386738.3	Gm35406
NM_009127.4	Scd1
NM_183216.3	Scd4
NR_039574.1	Mir5114
NM_009128.2	Scd2
XR_877874.2	Gm41853
XR_386734.1	Gm35183
XR_386733.3	Gm35183
XR_004940210.1	LOC118568395
Gm6951	Gm6951
NM_024450.2	Scd3
NM_181422.3	Pkd2l1
XM_006527143.4	Pkd2l1
XM_036161613.1	Pkd2l1
XM_036161612.1	Pkd2l1
XM_011247267.3	Pkd2l1
XR_386483.4	Pkd2l1
XM_011247369.2	Bloc1s2
NM_028607.1	Bloc1s2
XR_003952859.2	Gm52383
XR_004940279.1	Gm24336
XM_011247357.2	Cwf19l1
XM_036161697.1	Cwf19l1
XM_030251085.2	Cwf19l1
XM_030251086.2	Cwf19l1
XM_030251087.2	Cwf19l1
XM_036161698.1	Cwf19l1
XM_017318297.2	Cwf19l1
XM_036161695.1	Cwf19l1
XM_017318296.2	Cwf19l1
XM_030251083.2	Cwf19l1
XM_011247358.3	Cwf19l1
XM_036161696.1	Cwf19l1
XM_030251084.1	Cwf19l1
XM_006527364.3	Cwf19l1
NM_001356578.1	Cwf19l1
NM_001081077.1	Cwf19l1
XM_030250732.2	Chuk
NM_007700.2	Chuk
NM_001162410.1	Chuk
XR_003952741.2	Chuk
XR_003952742.2	Chuk
Gm18230	Gm18230
XM_006526998.5	Erlin1
NM_145502.3	Erlin1
NM_001164359.1	Erlin1
NM_001164360.1	Erlin1
NM_001167905.1	Cyp2c23
NM_001001446.3	Cyp2c23
XM_017318162.1	Cyp2c23
NM_030703.2	Cpn1
XM_011247407.1	Cpn1
XR_003952903.2	Gm50217
XR_003952904.2	Gm50217
XR_004940296.1	Gm24400
NM_001306088.1	Dnmbp
XM_006527354.4	Dnmbp
XM_006527352.5	Dnmbp
NM_028029.4	Dnmbp
XM_006527351.5	Dnmbp
NR_033472.1	Gm10768
XM_006526625.4	Abcc2
NM_013806.2	Abcc2
NM_025530.3	Cutc
NM_001113562.1	Cutc
NM_144874.4	Cox15
NM_053103.5	Entpd7
NR_045645.1	BC037704
XM_006527097.3	Slc25a28
XM_017318202.3	Slc25a28
NM_145156.1	Slc25a28
NM_001356944.1	Slc25a28
NR_152201.1	Gm4311
XR_386729.4	Gm34922
XR_386730.5	Gm34922
XR_003952841.1	Gm34922
NM_008699.2	Nkx2-3
XR_001782682.3	Gm20467
XR_001782683.2	Gm20467
XR_386723.4	Gm34636
XR_877867.3	Gm34636
Gm19179	Gm19179
NM_010324.2	Got1
XR_004940117.1	Got1
NM_031396.3	Cnnm1
NM_001373992.1	Cnnm1
XM_036161733.1	Cnnm1
XM_036161732.1	Cnnm1
XM_006527482.5	Cnnm1
XM_006527480.5	Cnnm1
XR_004940187.1	Cnnm1
XR_877866.1	Gm38568
XR_003952909.1	Gm38568
Gm6776	Gm6776
Gm18379	Gm18379
XM_011247294.3	Hpse2
NM_001081257.2	Hpse2
XM_011247295.1	Hpse2
XM_006527214.4	Hpse2
XR_004940157.1	Hpse2
XR_386720.4	Gm16244
XM_006526775.5	Hps1
NM_001362410.1	Hps1
XM_006526774.5	Hps1
XM_036161466.1	Hps1
XM_030250778.2	Hps1
XM_030250777.2	Hps1
XM_006526770.5	Hps1
NM_001346703.2	Hps1
NM_019424.3	Hps1
XR_001782561.3	Hps1
XR_386449.5	Hps1
XR_386448.5	Hps1
XR_877667.4	Hps1
XR_386447.5	Hps1
XR_386719.4	Gm19437
NM_029011.2	Pyroxd2
XM_011247383.4	Pyroxd2
XM_036161714.1	Pyroxd2
XM_036161713.1	Pyroxd2
XR_877691.4	Pyroxd2
XR_004940178.1	Pyroxd2
XR_003952824.2	Pyroxd2
XR_004940275.1	Gm25216
NM_001164311.1	Loxl4
NM_053083.3	Loxl4
XM_036161670.1	Loxl4
XM_036161669.1	Loxl4
NM_177464.4	R3hcc1l
XM_006527182.4	R3hcc1l
XR_877864.1	Gm41851
XR_877863.1	Gm41850
XR_877862.2	Gm41849
XR_004940209.1	Gm34299
XR_004940208.1	Gm34299
XR_003952940.2	Gm34299
XR_003952939.2	Gm34299
XR_004940207.1	Gm34299
XR_877861.2	Gm41848
XM_030251089.2	Crtac1
XM_030251094.2	Crtac1
XM_006527371.4	Crtac1
XM_030251092.2	Crtac1
XM_006527369.4	Crtac1
XM_030251091.2	Crtac1
XM_030251090.2	Crtac1
XM_006527372.4	Crtac1
XM_030251093.1	Crtac1
NM_001356588.1	Crtac1
NM_145123.5	Crtac1
NM_001356589.1	Crtac1
NR_037246.1	Mir3085
XR_001782673.2	Gm34347
XR_386718.4	Gm34347
NM_027694.2	Golga7b
XM_030251076.2	Golga7b
XM_030251077.1	Golga7b
NM_001141983.1	Golga7b
NM_018780.3	Sfrp5
NM_001164531.1	Zfyve27
NM_177319.3	Zfyve27
Gm6937	Gm6937
NM_183195.2	Marveld1
NM_027106.4	Avpi1
NM_145501.2	Pi4k2a
XM_011247405.4	Pi4k2a
XM_011247406.4	Pi4k2a
XM_036161734.1	Pi4k2a
XM_030250897.1	Morn4
NM_198108.2	Morn4
NM_025752.2	4933411K16Rik
NM_026152.2	Hoga1
XM_030251055.1	Hoga1
XM_030251054.1	Hoga1
XM_006527234.4	Ankrd2
NM_020033.2	Ankrd2
XM_017318264.3	Ankrd2
XM_030250896.2	Ubtd1
XM_006526997.1	Ubtd1
NM_145500.3	Ubtd1
Gm23113	Gm23113
XM_011247351.4	Mms19
XM_017318292.3	Mms19
XM_011247348.4	Mms19
XM_011247349.4	Mms19
NM_001373946.1	Mms19
XM_030251079.1	Mms19
XM_030251080.1	Mms19
XM_030251081.2	Mms19
XM_030251082.2	Mms19
XM_030251078.2	Mms19
XM_011247350.3	Mms19
NM_028152.3	Mms19
NR_164197.1	Mms19
XR_001782618.3	Mms19
XR_001782619.3	Mms19
XR_001782617.3	Mms19
XM_006527405.5	Zdhhc16
XM_030251116.2	Zdhhc16
XM_006527404.5	Zdhhc16
XM_030251117.2	Zdhhc16
XM_017318300.3	Zdhhc16
XM_030251118.2	Zdhhc16
XM_006527407.4	Zdhhc16
XM_006527406.4	Zdhhc16
NM_023740.3	Zdhhc16
NM_001360676.1	Zdhhc16
NM_001360679.1	Zdhhc16
NM_025644.4	Exosc1
NM_001320232.1	Exosc1
NM_001320231.1	Exosc1
NM_001320233.1	Exosc1
NM_001164561.1	Exosc1
XM_030251027.2	Exosc1
XM_011247312.4	Exosc1
XM_036161652.1	Exosc1
XM_011247313.4	Exosc1
XM_017318274.1	Exosc1
NM_023418.2	Pgam1
Gm46644	Gm46644
NM_199447.2	Rrp12
XM_030250683.1	Rrp12
NM_177603.3	Frat2
NM_008043.3	Frat1
XR_877860.3	Gm41847
XM_011247344.4	Arhgap19
XM_011247342.2	Arhgap19
XM_011247343.2	Arhgap19
XM_011247341.2	Arhgap19
XM_036161689.1	Arhgap19
XM_036161690.1	Arhgap19
NM_027667.3	Arhgap19
NM_001163495.1	Arhgap19
NR_040320.1	Gm19424
XR_003952937.1	Gm34116
XR_003952936.1	Gm34116
XR_003952938.1	Gm52407
NM_015748.3	Slit1
XM_036161496.1	Slit1
XM_036161495.1	Slit1
XM_030250830.2	Slit1
XM_030250829.1	Slit1
NR_106166.1	Mir8091
NM_001326287.1	Morf4l1b
NM_172154.4	Lcor
NM_001370767.1	Lcor
Gm9788	Gm9788
XR_386711.2	Gm33951
XR_003952935.2	Gm52406
NM_031376.4	Pik3ap1
XM_006527472.4	Pik3ap1
XR_004940206.1	LOC118568394
NM_133352.2	Tm9sf3
XM_006527095.3	Tll2
NM_011904.4	Tll2
XM_017318201.1	Tll2
XM_006527092.5	Tll2
NM_153520.2	Opalin
NM_001043228.1	Dntt
NM_009345.2	Dntt
XM_036161510.1	Dntt
XM_036161509.1	Dntt
Gm4269	Gm4269
NR_155302.1	C330026H20Rik
NM_008528.5	Blnk
NM_001365054.1	Blnk
NR_106167.1	Mir8092
XM_011247361.2	Zfp518a
XM_011247360.3	Zfp518a
NM_028319.1	Zfp518a
XM_011247364.3	Zfp518a
XM_036161699.1	Zfp518a
XM_011247363.3	Zfp518a
XM_011247359.4	Zfp518a
NR_045343.1	E030044B06Rik
XR_001782722.1	LOC108168428
NM_172839.4	Ccnj
XM_036161595.1	Ccnj
XM_030250941.2	Ccnj
XM_017318200.3	Ccnj
XM_011247248.3	Ccnj
XM_006527088.4	Ccnj
XM_036161596.1	Ccnj
XM_030250940.1	Ccnj
XM_036161597.1	Ccnj
XR_386708.2	Gm33482
NM_001376940.1	Cc2d2b
XM_011247419.3	Cc2d2b
XR_877854.3	Gm41846
XR_004940205.1	LOC118568393
Gm8783	Gm8783
Gm16027	Gm16027
XM_017318047.2	Entpd1
XM_006526618.5	Entpd1
XM_006526620.5	Entpd1
NM_009848.4	Entpd1
XM_006526619.5	Entpd1
NM_001304721.1	Entpd1
NM_001365072.1	Tctn3
NM_026260.3	Tctn3
XM_030251056.2	Tctn3
XR_386503.2	Tctn3
XR_001782613.3	Tctn3
XR_004940172.1	Tctn3
XR_386705.5	Gm27042
Gm15801	Gm15801
XM_036161643.1	Aldh18a1
NM_019698.2	Aldh18a1
NM_153554.2	Aldh18a1
XR_386702.5	A930028N01Rik
XM_011247172.1	Sorbs1
XM_036161472.1	Sorbs1
XM_030250808.1	Sorbs1
XM_011247183.1	Sorbs1
XM_017318093.1	Sorbs1
XM_011247175.1	Sorbs1
XM_030250812.1	Sorbs1
XM_030250813.1	Sorbs1
XM_030250815.1	Sorbs1
XM_030250816.1	Sorbs1
XM_036161471.1	Sorbs1
XM_030250814.1	Sorbs1
XM_011247190.1	Sorbs1
XM_030250817.1	Sorbs1
XM_011247191.1	Sorbs1
XM_011247173.1	Sorbs1
XM_036161476.1	Sorbs1
XM_036161477.1	Sorbs1
XM_011247193.1	Sorbs1
XM_036161489.1	Sorbs1
XM_011247180.1	Sorbs1
XM_017318095.1	Sorbs1
XM_030250819.1	Sorbs1
XM_036161484.1	Sorbs1
XM_036161490.1	Sorbs1
XM_036161482.1	Sorbs1
XM_036161483.1	Sorbs1
XM_036161486.1	Sorbs1
XM_036161487.1	Sorbs1
XM_011247198.1	Sorbs1
XM_036161488.1	Sorbs1
XM_011247199.1	Sorbs1
XM_036161491.1	Sorbs1
XM_030250820.1	Sorbs1
NM_001034964.1	Sorbs1
NM_001034962.1	Sorbs1
NM_001034963.1	Sorbs1
NM_178362.1	Sorbs1
NM_009166.3	Sorbs1
XM_036161474.1	Sorbs1
XM_036161473.1	Sorbs1
XM_006526810.5	Sorbs1
XM_030250825.2	Sorbs1
XM_006526813.5	Sorbs1
XM_036161479.1	Sorbs1
XM_017318097.3	Sorbs1
XM_017318096.3	Sorbs1
XM_030250827.2	Sorbs1
XM_017318090.2	Sorbs1
XM_036161475.1	Sorbs1
XM_036161478.1	Sorbs1
XM_030250804.1	Sorbs1
XM_030250821.1	Sorbs1
XM_036161480.1	Sorbs1
XM_036161485.1	Sorbs1
Gm5693	Gm5693
XR_877853.3	Gm41845
NM_016861.4	Pdlim1
Gm16470	Gm16470
Gm5827	Gm5827
NM_145499.2	Cyp2c70
XM_011247235.2	Cyp2c70
NM_001167877.1	Cyp2c50
NM_001167875.1	Cyp2c50
NM_134144.2	Cyp2c50
NM_206537.2	Cyp2c54
XM_006527172.2	Cyp2c54
NM_010001.2	Cyp2c37
Cyp2c71-ps	Cyp2c71-ps
NM_001104525.1	Cyp2c69
NM_010004.3	Cyp2c40
XM_006527177.2	Cyp2c68
NM_001039555.2	Cyp2c68
NM_001024719.2	Cyp2c67
XM_011247291.2	Cyp2c67
XM_017318054.2	Cyp2c38
NM_010002.3	Cyp2c38
Cyp2c72-ps	Cyp2c72-ps
NM_010003.2	Cyp2c39
NM_001373937.1	Cyp2c39
NM_007815.3	Cyp2c29
XM_006526636.2	Cyp2c29
NR_033614.2	Cyp2c53-ps
NM_001011707.1	Cyp2c66
NM_028191.2	Cyp2c65
Gm3875	Gm3875
NM_028089.3	Cyp2c55
XM_006527355.2	Cyp2c55
Cyp2c52-ps	Cyp2c52-ps
XM_006526700.4	Hells
NM_008234.3	Hells
XM_006526699.5	Hells
XM_006526847.2	Tbc1d12
NM_001362424.1	Tbc1d12
NM_145952.4	Tbc1d12
NM_021315.2	Noc3l
XR_386499.4	Noc3l
Gm8717	Gm8717
XM_006527395.5	Plce1
NM_019588.2	Plce1
XM_011247380.3	Plce1
XM_006527394.4	Plce1
NR_166900.1	Gm46666
NM_175507.3	Slc35g1
Gm18936	Gm18936
XM_011247418.2	Gm41844
XR_003952855.1	Gm33036
NR_168254.1	Gm32960
NR_168068.1	Gm32960
XR_004940204.1	Gm9886
XR_003952846.2	Gm9886
XR_003952847.2	Gm52382
NM_020278.3	Lgi1
NR_157559.1	Lgi1
NR_157558.1	Lgi1
XR_004940197.1	Gm32771
XR_004940198.1	Gm32771
XR_004940202.1	Gm32771
XR_004940203.1	Gm32771
XR_004940201.1	Gm32771
XR_004940199.1	Gm32771
XR_004940200.1	Gm32771
XR_003952844.2	Gm32771
XR_386683.3	Gm32491
XR_386684.3	Gm32491
XR_386687.4	Gm32574
XR_386685.3	Gm32574
XR_386688.4	Gm32574
NM_027466.1	Fra10ac1
XM_017318291.2	Fra10ac1
XM_006527334.3	Fra10ac1
NM_001081075.2	Fra10ac1
XM_006527335.4	Fra10ac1
XR_003952917.1	Gm52398
NM_001170959.1	Pde6c
NM_033614.2	Pde6c
XR_877843.2	Gm32440
XR_386682.3	Gm32440
NM_011255.3	Rbp4
NM_001159487.1	Rbp4
NM_181748.2	Ffar4
XR_004940311.1	Gm23300
NM_028760.3	Cep55
NM_001164362.2	Cep55
XM_036161712.1	Cep55
XM_030251113.2	Cep55
XM_036161711.1	Cep55
XM_036161710.1	Cep55
XM_006527398.5	Cep55
XM_011247381.4	Cep55
XM_006527397.5	Cep55
NM_001360663.1	Cep55
NM_028293.2	Cep55
XM_030251114.2	Cep55
XM_006527402.3	Cep55
XM_030251115.2	Cep55
XM_006527401.2	Cep55
XM_006527399.4	Cep55
XM_006527396.3	Cep55
XR_003952915.1	Gm52396
XR_003952916.1	Gm52397
XM_006526994.2	Myof
XM_006526995.2	Myof
NM_001302140.1	Myof
NM_001099634.1	Myof
Gm4757	Gm4757
Gm9067	Gm9067
Gm9066	Gm9066
NM_007811.2	Cyp26a1
XM_017318053.2	Cyp26a1
NM_001105201.1	Cyp26c1
XM_017318259.3	Cyp26c1
XR_003952928.1	Gm32342
XR_877838.2	Gm32342
XR_877839.3	Gm32342
XR_877837.3	Gm32342
XR_003952929.1	Gm32342
XR_877841.1	Gm41842
NM_175353.2	Exoc6
XM_017318044.2	Exoc6
XR_004940195.1	Gm32294
XR_004940196.1	Gm32294
NR_131009.1	1700122C19Rik
NR_131008.1	1700122C19Rik
NM_008245.3	Hhex
Gm46649	Gm46649
Gm8663	Gm8663
NM_010615.2	Kif11
Rpl10-ps6	Rpl10-ps6
NM_031156.4	Ide
XM_036161442.1	Ide
XM_036161445.1	Ide
XM_036161443.1	Ide
XM_036161444.1	Ide
XM_036161441.1	Ide
XM_036161446.1	Ide
NR_040298.1	4931408D14Rik
NR_040299.1	4931408D14Rik
Gm9056	Gm9056
XR_004940293.1	Gm25268
NM_001164337.1	Marchf5
NM_001164336.1	Marchf5
NM_027314.3	Marchf5
NM_001378798.1	Marchf5
NM_001378797.1	Marchf5
NR_045329.1	A330032B11Rik
XM_036161500.1	Cpeb3
XM_036161501.1	Cpeb3
XM_030250839.2	Cpeb3
XM_030250840.2	Cpeb3
XM_036161499.1	Cpeb3
XM_011247208.3	Cpeb3
XM_036161502.1	Cpeb3
XM_006526834.4	Cpeb3
XM_006526829.4	Cpeb3
XM_006526832.4	Cpeb3
XM_006526831.3	Cpeb3
XM_006526833.5	Cpeb3
XM_006526839.4	Cpeb3
XM_006526830.5	Cpeb3
XM_030250841.1	Cpeb3
NM_001290826.1	Cpeb3
XM_030250842.1	Cpeb3
NM_001290829.1	Cpeb3
XM_011247207.3	Cpeb3
XM_011247209.3	Cpeb3
NM_198300.3	Cpeb3
NM_001290828.1	Cpeb3
NM_001290827.1	Cpeb3
XR_003952770.2	Cpeb3
XR_004940130.1	Cpeb3
XR_004940131.1	Cpeb3
XM_017318039.3	Btaf1
XM_030250684.2	Btaf1
XM_006526561.5	Btaf1
XM_036161373.1	Btaf1
NM_001080706.1	Btaf1
NM_028263.1	Fgfbp3
NM_001163635.1	Tnks2
XM_006527408.5	Tnks2
XM_006527409.5	Tnks2
XM_011247382.3	Tnks2
XR_004940269.1	LOC115489052
NM_016854.2	Ppp1r3c
NR_033510.1	Hectd2os
XM_017318159.3	Hectd2
XM_036161566.1	Hectd2
XM_036161565.1	Hectd2
XM_030250894.1	Hectd2
XM_036161564.1	Hectd2
XM_030250895.1	Hectd2
XM_036161567.1	Hectd2
NM_172637.3	Hectd2
NM_001163471.1	Hectd2
XM_006526991.5	Hectd2
XR_003952788.1	Hectd2
XR_003952787.1	Hectd2
XR_004940140.1	Hectd2
XR_001782583.2	Hectd2
XR_004940139.1	Hectd2
XR_003952784.1	Hectd2
XR_003952783.1	Hectd2
XR_877830.4	Gm41838
XR_877831.2	Gm32143
XR_877832.2	Gm32143
XR_386676.3	Gm32143
Gm9042	Gm9042
XM_011247392.4	Pcgf5
XM_036161722.1	Pcgf5
NM_001368693.1	Pcgf5
NM_001368691.1	Pcgf5
NM_029508.4	Pcgf5
NM_001368692.1	Pcgf5
NM_001368690.1	Pcgf5
Gm19160	Gm19160
XR_003952857.2	LOC115489009
XR_001782714.1	Gm46664
XR_386674.3	Gm32027
XR_004940193.1	Gm32081
XR_386675.1	Gm32081
NM_013468.3	Ankrd1
NM_019428.3	Rpp30
XR_386495.3	Rpp30
NM_001360300.1	Htr7
NM_001360318.1	Htr7
NM_001347442.2	Htr7
NM_008315.3	Htr7
NM_001360297.1	Htr7
NM_001360298.1	Htr7
XM_030250756.2	Htr7
Gm17926	Gm17926
NR_152130.1	A830019P07Rik
XR_004940271.1	Gm25611
XR_877825.2	Gm41836
XR_004940277.1	Gm24006
XR_386666.2	Gm31568
XR_004940191.1	LOC118568392
Gm5248	Gm5248
NR_035473.1	Mir1950
XM_006527080.3	Kif20b
XM_006527084.5	Kif20b
NM_001362434.1	Kif20b
NM_183046.2	Kif20b
XM_030250939.2	Kif20b
XM_006527081.4	Kif20b
XM_036161594.1	Kif20b
XM_006527082.4	Kif20b
XR_004940147.1	Kif20b
XR_004940145.1	Kif20b
XR_004940144.1	Kif20b
NR_029783.1	Mir107
XM_030251126.2	Pank1
XM_006527427.5	Pank1
NM_023792.2	Pank1
NM_001114339.2	Pank1
XR_004940312.1	Gm22082
Gm18425	Gm18425
Gm46654	Gm46654
XM_006527079.4	Slc16a12
XM_011247246.3	Slc16a12
NM_172838.4	Slc16a12
XM_006527078.5	Slc16a12
NM_008331.3	Ifit1
Cnn2-ps	Cnn2-ps
NM_001362130.1	Ifit1bl2
NM_053217.3	Ifit1bl2
XM_030250699.2	Ifit1bl2
NM_001005858.3	Ifit3b
XM_006527264.5	Ifit3b
XM_030251031.2	Ifit1bl1
XM_006527265.5	Ifit1bl1
NM_001110517.1	Ifit1bl1
NM_001101605.1	Ifit1bl1
NM_010501.2	Ifit3
XM_036161448.1	Ifit3
XM_011247151.3	Ifit3
XM_011247153.2	Ifit3
NM_001355262.1	Ifit2
NM_008332.3	Ifit2
XM_006526705.4	Ifit2
XM_036161447.1	Ifit2
XR_386665.2	Gm31417
NM_021460.3	Lipa
NM_001111100.1	Lipa
NM_009890.2	Ch25h
NM_001146708.1	Fas
NM_007987.2	Fas
XM_036161430.1	Fas
XM_030250751.2	Fas
XM_030250748.2	Fas
XM_030250749.2	Fas
XM_030250747.2	Fas
XM_030250746.2	Fas
XR_386664.1	Gm31355
XM_006526606.2	Acta2
NM_007392.3	Acta2
NM_001360720.1	Stambpl1
NM_001360719.1	Stambpl1
NM_001360718.1	Stambpl1
NM_001360717.1	Stambpl1
XM_006527451.5	Stambpl1
XM_006527452.5	Stambpl1
NM_001360716.1	Stambpl1
NM_029682.5	Stambpl1
NM_024204.6	Ankrd22
XM_017318314.2	Lipm
XM_006527467.4	Lipm
XM_006527466.4	Lipm
NM_023903.1	Lipm
NM_027340.2	Lipn
XM_006527333.2	Lipn
XR_386663.4	Gm31300
NM_172837.4	Lipk
NM_001205349.1	Lipk
XM_017318280.1	Lipf
NM_026334.3	Lipf
XR_004940285.1	Gm23095
Gm5519	Gm5519
NM_001323065.1	Lipo1
NM_001322338.1	Lipo2
XM_036161367.1	Lipo2
Gm8980	Gm8980
Gm18293	Gm18293
Gm19755	Gm19755
NM_001323251.2	Gm8978
XM_006527163.4	Lipo3
XM_030250981.2	Lipo3
XM_030250982.1	Lipo3
XM_017318244.3	Lipo3
XM_006527164.4	Lipo3
NM_001013770.4	Lipo3
Gm50233	Gm50233
NM_001323386.1	Lipo4
Lipo5	Lipo5
Gm19724	Gm19724
Gm7237	Gm7237
NR_166828.1	Gm29998
Gm17842	Gm17842
LOC115489056	LOC115489056
NR_039552.1	Mir3970
NR_160911.1	Rnls
XR_386660.4	Gm29946
XR_877820.3	Gm29946
XR_386659.2	Gm29863
XR_877819.2	Gm41835
XR_004940217.1	Gm36860
XR_877815.4	Gm36860
XR_877814.4	Gm36860
XR_386657.4	Gm36914
XR_877816.2	Gm36914
XR_001782638.3	Gm36774
XR_386655.4	Gm36774
XR_386654.4	Gm36774
XM_006526769.3	Pten
NM_008960.2	Pten
Gm36566	Gm36566
NM_026487.3	Atad1
XM_006527313.3	Atad1
Gm36492	Gm36492
NM_001360403.1	Papss2
NM_011864.3	Papss2
NM_001201470.1	Papss2
XM_006527064.5	Papss2
XR_386649.2	Gm36419
XR_386650.2	Gm36419
XR_877812.1	Gm36419
NM_010799.2	Minpp1
XR_003952896.2	Gm46659
Rpl9-ps6	Rpl9-ps6
Gm9563	Gm9563
Gm38616	Gm38616
NR_033198.1	2700046G09Rik
XM_017318105.3	Sgms1
XM_011247205.3	Sgms1
XM_006526820.5	Sgms1
XM_030250835.1	Sgms1
XM_006526818.5	Sgms1
XM_006526819.3	Sgms1
XM_011247203.3	Sgms1
XM_030250837.1	Sgms1
XM_030250832.1	Sgms1
XM_030250833.2	Sgms1
XM_030250836.2	Sgms1
XM_030250831.2	Sgms1
XM_011247202.3	Sgms1
NM_001168526.1	Sgms1
NM_001168525.1	Sgms1
NM_001362423.1	Sgms1
NM_144792.5	Sgms1
XR_003952766.2	Sgms1
XR_003952765.2	Sgms1
XR_003952764.2	Sgms1
XR_003952767.2	Sgms1
XR_004940128.1	Sgms1
XR_004940129.1	Sgms1
XR_001782566.2	Sgms1
XR_001782565.2	Sgms1
Gm8943	Gm8943
NM_018830.1	Asah2
Gm19241	Gm19241
NM_001365078.1	A1cf
NM_001081074.2	A1cf
XM_017318290.2	A1cf
NR_002849.1	8430431K14Rik
Gm50266	Gm50266
NM_031249.2	Cstf2t
NR_033643.2	Gm6642
Gm19023	Gm19023
XM_006526768.5	Prkg1
NM_011160.3	Prkg1
NM_001013833.3	Prkg1
NM_010051.3	Dkk1
NR_003650.2	Ppp1r2-ps3
Gm17885	Gm17885
XR_386647.3	Gm36319
Gm36006	Gm36006
NM_010776.2	Mbl2
NM_001365058.1	Mbl2
XM_006526730.1	Mbl2
Rpl31-ps20	Rpl31-ps20
NM_138595.2	Gldc
NM_144873.2	Uhrf2
XM_006526603.5	Uhrf2
XM_036161399.1	Uhrf2
XM_036161398.1	Uhrf2
NM_025741.2	Trpd52l3
XR_004940274.1	Gm26046
XM_006527463.4	Il33
NM_001164724.2	Il33
XM_036161730.1	Il33
NM_133775.3	Il33
NM_001360725.1	Il33
XR_386645.2	Gm36209
XR_877808.3	Gm41832
NM_177721.4	Ranbp6
XM_030250938.1	9930021J03Rik
XM_030250937.2	9930021J03Rik
XM_036161593.1	9930021J03Rik
NM_172836.3	9930021J03Rik
XM_017318196.3	9930021J03Rik
XM_006527070.5	9930021J03Rik
XM_006527069.5	9930021J03Rik
XM_017318194.3	9930021J03Rik
XM_017318193.3	9930021J03Rik
XM_017318195.3	9930021J03Rik
XM_006527072.5	9930021J03Rik
XR_001782590.3	9930021J03Rik
XR_004940143.1	9930021J03Rik
XR_003952791.2	9930021J03Rik
XR_001782588.3	9930021J03Rik
XR_003952789.2	9930021J03Rik
NM_029993.1	Mlana
XM_011247400.3	Mlana
XR_386643.2	Gm36126
NM_001362131.1	Ermp1
NM_001081213.2	Ermp1
NM_001081319.1	Ric1
XM_036161563.1	Ric1
XM_030250892.2	Ric1
XR_386464.5	Ric1
NR_015567.3	A930007I19Rik
NM_021396.2	Pdcd1lg2
XR_386642.5	Gm36043
XR_001782679.3	Gm36043
XR_877803.4	Gm36043
XM_030251021.2	Cd274
NM_021893.3	Cd274
XM_030251020.2	Cd274
NM_026362.2	Plgrkt
XM_030251058.2	Plgrkt
XM_030251059.2	Plgrkt
XM_030251060.2	Plgrkt
XR_003952902.2	Gm52390
NM_011272.2	Rln1
NM_013754.1	Insl6
XM_006526714.5	Jak2
XM_017318068.3	Jak2
XM_011247155.3	Jak2
NM_001048177.3	Jak2
NM_008413.4	Jak2
XM_006526713.5	Jak2
XM_006526715.5	Jak2
XM_036161449.1	Jak2
XR_877802.3	Gm41829
Gm5518	Gm5518
NR_029778.1	Mir101b
XM_006527246.5	Rcl1
NM_021525.2	Rcl1
XR_004940165.1	Rcl1
XR_004940164.1	Rcl1
NR_045687.1	Gm9895
NR_028360.1	1700018L02Rik
Gm10136	Gm10136
NM_021299.2	Ak3
NM_001365071.1	Ak3
XM_006527222.5	Ak3
NM_001302382.2	Cdc37l1
NM_025950.4	Cdc37l1
NM_001302443.2	Cdc37l1
NM_001377047.1	Cdc37l1
NM_001302380.2	Cdc37l1
NR_165055.1	Cdc37l1
NR_165053.1	Cdc37l1
NR_165054.1	Cdc37l1
XR_003952810.2	Cdc37l1
XR_004940168.1	Cdc37l1
Gm4844	Gm4844
Gm3621	Gm3621
NM_028922.3	Plpp6
XM_030250980.2	4430402I18Rik
XM_011247272.4	4430402I18Rik
XM_011247274.4	4430402I18Rik
XM_036161619.1	4430402I18Rik
XM_036161620.1	4430402I18Rik
NM_198651.2	4430402I18Rik
NM_001374152.1	4430402I18Rik
NM_001374154.1	4430402I18Rik
NM_001374153.1	4430402I18Rik
NM_001374140.1	4430402I18Rik
XR_003952793.2	4430402I18Rik
XR_001782596.3	4430402I18Rik
XR_001782595.3	4430402I18Rik
Gm5822	Gm5822
NM_009199.3	Slc1a1
XR_004940216.1	Gm52404
XR_003952930.1	Gm52404
Gm6788	Gm6788
XR_386639.2	Gm35922
XR_877801.1	Gm35922
Rps15a-ps2	Rps15a-ps2
NR_045330.1	D930032P07Rik
XR_386638.3	Gm35866
XM_006526987.5	Glis3
XM_036161562.1	Glis3
XM_036161561.1	Glis3
XM_006526985.5	Glis3
XM_006526984.5	Glis3
NM_175459.6	Glis3
NM_001305671.1	Glis3
Gm35781	Gm35781
Gm5517	Gm5517
Gm17894	Gm17894
XM_006526785.5	Rfx3
XM_030250795.2	Rfx3
XM_017318087.3	Rfx3
XM_006526778.5	Rfx3
XM_011247169.4	Rfx3
XM_006526784.5	Rfx3
XM_030250796.2	Rfx3
XM_011247167.4	Rfx3
NM_001360358.1	Rfx3
NM_001360357.1	Rfx3
NM_001166414.2	Rfx3
NM_011265.3	Rfx3
XR_877668.4	Rfx3
XR_003952760.2	Rfx3
XR_003952761.2	Rfx3
XR_004940125.1	Rfx3
XR_004940126.1	Rfx3
Gm24782	Gm24782
XR_001782643.1	Gm35697
NR_027987.1	C030016D13Rik
XM_006527183.4	Pum3
NM_177474.5	Pum3
NR_131940.1	Pum3
Gm50113	Gm50113
NR_167732.2	Gm35554
NR_167734.1	Gm35554
NR_167770.1	Gm35554
NR_167733.1	Gm35554
NM_183179.1	Kcnv2
XM_006527067.4	Kcnv2
XR_386629.3	Gm35268
XM_036161518.1	Vldlr
NM_001161420.1	Vldlr
NM_013703.2	Vldlr
XM_036161516.1	Vldlr
XM_006526918.4	Vldlr
XM_030250865.2	Vldlr
XM_036161517.1	Vldlr
XM_006526919.4	Vldlr
XM_030250868.2	Vldlr
NM_001347441.1	Vldlr
XM_030250866.2	Vldlr
XM_006526917.2	Vldlr
XM_036161519.1	Vldlr
XR_004940134.1	Vldlr
XR_003952778.2	Vldlr
XR_003952777.2	Vldlr
XR_386457.4	Vldlr
XR_106015.6	Gm35438
XR_877790.2	Gm35438
XR_386631.3	Gm35438
XR_877793.2	Gm35438
XR_003952921.1	Gm35438
NM_001033407.2	Gm815
XR_001782662.1	Gm46648
XR_001782661.1	Gm46648
Gm18380	Gm18380
NR_045306.2	4931403E22Rik
XR_001782659.1	Gm20616
XM_017318276.3	Smarca2
XM_017318277.3	Smarca2
XM_030251050.2	Smarca2
XM_036161667.1	Smarca2
XM_030251049.2	Smarca2
XM_006527291.4	Smarca2
XM_030251045.2	Smarca2
XM_006527289.4	Smarca2
XM_030251046.1	Smarca2
NM_026003.2	Smarca2
XM_006527288.3	Smarca2
XM_030251051.1	Smarca2
XM_017318278.2	Smarca2
NM_001347439.1	Smarca2
XM_030251047.1	Smarca2
XM_006527286.3	Smarca2
XM_006527285.4	Smarca2
XM_006527281.4	Smarca2
XM_036161663.1	Smarca2
XM_006527283.5	Smarca2
XM_036161664.1	Smarca2
XM_006527284.3	Smarca2
NM_011416.2	Smarca2
XM_006527282.5	Smarca2
XR_004940169.1	Smarca2
XR_004940213.1	Gm52395
XR_003952910.2	Gm52395
XR_003952911.2	Gm52395
XR_004940214.1	LOC118568396
XR_386627.4	Gm34808
XR_877785.3	Gm34808
Gm25176	Gm25176
NR_166754.2	1700048O14Rik
NR_166755.2	1700048O14Rik
NR_166756.1	1700048O14Rik
Gm8825	Gm8825
XR_386620.3	Gm34516
XR_386621.3	Gm34516
XR_877780.2	Gm34516
XM_036161560.1	Dmrt2
NM_145831.3	Dmrt2
XM_006526983.4	Dmrt2
NR_045347.1	2610016A17Rik
NM_177360.3	Dmrt3
XM_006527066.4	Dmrt3
NM_015826.5	Dmrt1
XM_030250985.1	Dmrt1
Gm5249	Gm5249
XR_004940290.1	Gm26207
XR_003952906.2	Gm52392
Gm34432	Gm34432
XM_006526586.5	Kank1
XM_006526584.5	Kank1
XM_006526590.3	Kank1
XM_006526588.4	Kank1
XM_006526587.5	Kank1
XM_006526589.5	Kank1
XM_030250692.2	Kank1
XM_030250693.2	Kank1
XM_036161391.1	Kank1
XM_036161387.1	Kank1
XM_006526585.3	Kank1
XM_036161385.1	Kank1
XM_036161389.1	Kank1
XM_030250691.1	Kank1
NM_001348180.1	Kank1
NM_181404.6	Kank1
XM_036161390.1	Kank1
XM_036161386.1	Kank1
XM_036161388.1	Kank1
XM_011247113.3	Kank1
XR_004940110.1	Kank1
XR_004940309.1	Gm24252
XR_386617.3	Gm34186
NR_166890.1	Gm34235
XM_001478443.6	Ndufb4b
XM_006527435.3	Dock8
XM_011247397.4	Dock8
NM_028785.3	Dock8
XM_006527436.5	Dock8
XR_004940183.1	Dock8
XR_004940182.1	Dock8
NR_037245.1	Mir3084-1
XM_030250891.2	Cbwd1
XM_030250890.2	Cbwd1
NM_146097.3	Cbwd1
NR_033744.1	Cbwd1
NM_008022.3	Foxd4
Gm10053	Gm10053
XR_003952934.1	Gm52405
XR_001782670.3	Gm38581
XR_003952933.2	Gm38581
XR_001782671.3	Gm38581
XR_877778.4	Gm38581
Gm17800	Gm17800
NM_175013.2	Pgm5
NM_183160.3	Tmem252
NR_169181.1	Gm50341
XR_003952918.2	Gm52399
NM_026520.3	Fam122a
NR_167710.1	Pip5k1bos
NR_167769.1	Pip5k1bos
XM_006526763.5	Pip5k1b
NM_008846.3	Pip5k1b
Gm8789	Gm8789
NM_008044.3	Fxn
NR_157400.1	Fxn
XM_006526907.3	Tjp2
XM_006526909.3	Tjp2
XM_006526904.5	Tjp2
XM_030250861.2	Tjp2
XM_036161512.1	Tjp2
XM_017318136.2	Tjp2
NM_001360391.1	Tjp2
NM_001198985.2	Tjp2
NM_001360392.1	Tjp2
NM_011597.5	Tjp2
NM_001376368.1	Tjp2
XR_877775.2	Gm41824
XR_877774.1	Gm41823
XR_004940268.1	LOC118568409
NM_001114174.1	Fam189a2
XM_006527156.4	Fam189a2
XR_001782594.3	Fam189a2
XR_386486.4	Fam189a2
XR_004940267.1	Gm34076
XR_386615.4	Gm34076
XR_004940265.1	Gm34076
XR_004940264.1	Gm34076
XR_004940266.1	Gm34076
XM_030250967.2	Apba1
XM_030250968.2	Apba1
XM_030250969.2	Apba1
NM_177034.3	Apba1
XM_006527140.5	Apba1
XM_006527139.5	Apba1
NM_028208.1	Ptar1
XM_006527361.5	Ptar1
Gm6563	Gm6563
Gm22144	Gm22144
Gm9493	Gm9493
NM_026188.2	1700028P14Rik
XR_386614.2	Gm34012
XM_036161694.1	Mamdc2
NM_174857.3	Mamdc2
XR_003952820.2	Mamdc2
XR_004940174.1	Mamdc2
XR_877770.2	Gm41821
XR_004940294.1	Gm24263
XR_386613.3	Gm33950
XM_006526980.4	Smc5
XM_006526981.4	Smc5
NM_001252685.1	Smc5
NM_001252684.1	Smc5
NM_153808.2	Smc5
XR_003952782.1	Smc5
XR_001782581.2	Smc5
NR_035423.1	Mir1192
NM_010638.5	Klf9
XR_386610.4	2410080I02Rik
XR_001782632.2	C330002G04Rik
XR_001782630.3	C330002G04Rik
XR_001782635.3	C330002G04Rik
XR_001782627.2	C330002G04Rik
XR_001782631.2	C330002G04Rik
XR_001782625.2	C330002G04Rik
XR_001782633.2	C330002G04Rik
XR_001782634.2	C330002G04Rik
XR_001782626.2	C330002G04Rik
XR_001782628.2	C330002G04Rik
XR_001782629.2	C330002G04Rik
NR_029591.1	Mir204
XR_004940263.1	LOC118568408
XR_386608.5	Gm33649
Nsa2-ps1	Nsa2-ps1
NR_168265.1	Gm27151
Gm33755	Gm33755
Gm22506	Gm22506
XM_030250887.1	Trpm3
NM_001362508.1	Trpm3
XM_036161555.1	Trpm3
XM_006526976.5	Trpm3
NM_001362513.1	Trpm3
NM_001035246.2	Trpm3
NM_001035245.2	Trpm3
NM_001362511.1	Trpm3
NM_001362512.1	Trpm3
NM_001035244.2	Trpm3
NM_001362496.1	Trpm3
XM_006526975.4	Trpm3
XM_036161558.1	Trpm3
XM_006526978.4	Trpm3
NM_001362506.1	Trpm3
NM_001362507.1	Trpm3
NM_001362498.1	Trpm3
NM_001362504.1	Trpm3
NM_001362502.1	Trpm3
NM_001362505.1	Trpm3
NM_001362503.1	Trpm3
NM_001362500.1	Trpm3
NM_001362497.1	Trpm3
NM_177341.5	Trpm3
NM_001362491.1	Trpm3
NM_001362490.1	Trpm3
NM_001362499.1	Trpm3
NM_001362501.1	Trpm3
NM_001362489.1	Trpm3
NM_001362488.1	Trpm3
NM_001362487.1	Trpm3
XM_036161557.1	Trpm3
XM_006526955.5	Trpm3
XM_006526974.5	Trpm3
XM_036161554.1	Trpm3
NM_001035243.3	Trpm3
NM_001035242.2	Trpm3
NM_001035239.3	Trpm3
NM_001035241.3	Trpm3
NM_001035240.3	Trpm3
XM_036161556.1	Trpm3
XM_030250888.2	Trpm3
XM_017318158.2	Trpm3
XM_030250889.2	Trpm3
XM_006526963.5	Trpm3
XM_006526966.5	Trpm3
XM_006526961.5	Trpm3
XM_006526958.5	Trpm3
XM_017318155.3	Trpm3
XM_006526956.5	Trpm3
XM_011247233.4	Trpm3
XM_006526957.5	Trpm3
XM_006526979.5	Trpm3
XM_006526954.5	Trpm3
XR_003952781.2	Trpm3
XR_003952780.2	Trpm3
Ldhb-ps	Ldhb-ps
Gm18951	Gm18951
NM_001033759.2	Cemip2
NM_031997.4	Cemip2
XR_004940262.1	Gm41818
NM_146096.3	Abhd17b
XM_011247228.4	Abhd17b
NM_025423.2	1110059E24Rik
XR_003952925.2	Gm38486
XR_003952926.2	Gm38486
XR_004940261.1	Gm38486
XR_004940260.1	Gm38486
XM_036161739.1	C19H9orf57
XR_004940259.1	C19H9orf57
XM_017318064.3	Gda
XM_006526680.2	Gda
NM_010266.2	Gda
NM_009551.5	Zfand5
XM_006527058.4	Zfand5
XM_030251153.1	LOC115489044
XR_386594.3	Gm45918
XR_877754.2	Gm45918
XR_386595.3	Gm45918
XR_877752.2	Gm45918
XR_386593.4	Gm45918
XR_877753.4	Gm45918
XR_386592.4	Gm32979
XR_877751.2	Gm3775
NR_126458.1	4930554I06Rik
XR_001782706.2	Gm32750
XR_001782705.2	Gm32750
XR_001782704.2	Gm32750
NM_028953.2	Tmc1
XM_036161422.1	Tmc1
NM_011921.2	Aldh1a7
Gm6684	Gm6684
NR_045778.1	C730002L08Rik
NR_015502.1	E030003E18Rik
NM_013467.4	Aldh1a1
NM_001361506.1	Aldh1a1
NM_001361505.1	Aldh1a1
NM_001361504.1	Aldh1a1
NM_001361503.1	Aldh1a1
XR_877749.2	Gm41816
XR_386584.2	Gm32689
NR_045817.2	1500015L24Rik
NM_010730.2	Anxa1
Gm52403	Gm52403
XR_004940299.1	Gm22684
NR_166815.1	Gm3728
XR_386579.1	Gm32469
XR_877746.2	Gm41815
XR_004940276.1	Gm25437
XR_003952875.2	Gm50212
XR_003952876.2	Gm50212
NM_001289921.1	Rorb
NM_146095.4	Rorb
NM_001043354.2	Rorb
XM_036161552.1	Rorb
XR_877745.4	Gm41814
XR_004940305.1	Gm23238
XM_011247226.3	Trpm6
XM_006526952.4	Trpm6
XM_036161551.1	Trpm6
XM_036161549.1	Trpm6
XM_036161550.1	Trpm6
XM_017318153.3	Trpm6
NM_153417.2	Trpm6
XM_030250886.2	Trpm6
XM_017318152.2	Trpm6
XM_006526951.4	Trpm6
NR_157571.1	Trpm6
NM_177640.4	D030056L22Rik
NM_001374130.1	D030056L22Rik
NM_001377053.1	Carnmt1
NM_026120.5	Carnmt1
NM_001377055.1	Carnmt1
NM_001377052.1	Carnmt1
NM_001377054.1	Carnmt1
NM_001377051.1	Carnmt1
XR_004940171.1	Carnmt1
XR_004940170.1	Carnmt1
XM_011247225.3	Nmrk1
NM_145497.2	Nmrk1
NM_017375.3	Ostf1
Rpl29-ps6	Rpl29-ps6
Gm18610	Gm18610
Eef1a1-ps1	Eef1a1-ps1
XR_004940297.1	Gm22880
XR_004940280.1	LOC115489057
Gm17819	Gm17819
XR_877743.3	Gm41812
XR_877744.2	Gm41813
NM_001163144.1	Pcsk5
XM_006526761.4	Pcsk5
XM_006526760.3	Pcsk5
XM_036161458.1	Pcsk5
XM_011247162.3	Pcsk5
XM_006526759.4	Pcsk5
NM_001190483.2	Pcsk5
XR_386446.4	Pcsk5
NM_019437.3	Rfk
XM_036161434.1	Gcnt1
NM_001136484.3	Gcnt1
XM_036161433.1	Gcnt1
NM_173442.5	Gcnt1
XM_017318062.3	Gcnt1
XM_006526679.4	Gcnt1
XM_011247144.4	Gcnt1
NM_010265.5	Gcnt1
NM_181348.4	Prune2
XM_006527154.4	Prune2
XM_017318227.3	Prune2
XM_017318230.3	Prune2
XM_017318228.3	Prune2
XM_006527146.3	Prune2
XM_006527144.4	Prune2
XM_036161616.1	Prune2
XM_036161614.1	Prune2
XM_017318229.3	Prune2
XM_017318226.3	Prune2
XM_006527153.4	Prune2
XM_036161615.1	Prune2
XM_006527151.4	Prune2
XM_006527152.4	Prune2
XM_006527147.4	Prune2
XM_006527149.4	Prune2
XM_006527145.3	Prune2
XR_004940154.1	Prune2
XR_386578.2	Gm32341
NM_008023.2	Foxb2
Gm32256	Gm32256
XM_036161609.1	Vps13a
XM_006527126.4	Vps13a
XM_011247256.3	Vps13a
NM_173028.4	Vps13a
XR_877742.3	Gm41811
Gm8222	Gm8222
XM_036161435.1	Gna14
NM_008137.4	Gna14
Gm19312	Gm19312
NR_105832.1	Mir496b
Gm17068	Gm17068
Gm10819	Gm10819
NR_033228.1	E030024N20Rik
NR_169088.1	Gm53055
NM_008139.6	Gnaq
XR_001782650.2	Gm32026
XR_001782647.2	Gm32026
XR_001782648.2	Gm32026
XR_386573.3	Gm32026
XR_001782649.1	Gm32026
Rpl37-ps1	Rpl37-ps1
NR_045355.1	C130060C02Rik
XM_030250838.2	Cep78
XM_017318106.3	Cep78
XM_006526824.3	Cep78
NM_198019.2	Cep78
XM_006526826.5	Cep78
XM_036161498.1	Cep78
XM_006526823.3	Cep78
XM_006526825.5	Cep78
NM_001205339.1	Psat1
NM_177420.2	Psat1
XR_004940109.1	Psat1
XR_004940286.1	Gm24319
XR_004940252.1	Gm31733
XR_004940253.1	Gm31733
XR_001782719.2	Gm31733
XR_004940254.1	Gm31733
XR_004940257.1	Gm31733
XR_004940256.1	Gm31733
XR_004940255.1	Gm31733
XR_001782717.3	Gm46665
XR_001782718.3	Gm46665
XR_001782715.2	Gm31594
XR_386567.5	Gm31594
XR_386569.4	Gm31594
XR_004940258.1	LOC118568406
Selenok-ps3	Selenok-ps3
Pomc-ps1	Pomc-ps1
XR_001782639.2	Gm46645
XR_001782640.2	Gm46645
Gm7159	Gm7159
Gm5513	Gm5513
XR_386564.2	Gm31441
XM_006526914.5	Tle4
XM_030250863.2	Tle4
XM_030250864.2	Tle4
XM_030250862.2	Tle4
XM_006526913.2	Tle4
NM_001302951.1	Tle4
NM_001302947.1	Tle4
NM_011600.3	Tle4
NM_001302950.1	Tle4
NR_152176.1	Gm8630
XR_386562.4	Gm31331
Vmn2r-ps135	Vmn2r-ps135
NM_001011850.1	Olfr1505
NM_146634.1	Olfr1504
Olfr1503-ps1	Olfr1503-ps1
NM_146797.1	Olfr1502
NM_146633.2	Olfr1501
NM_001011831.1	Olfr1500
NM_146796.1	Olfr1499
Olfr1498-ps1	Olfr1498-ps1
NM_146741.1	Olfr1497
Gm19218	Gm19218
NM_146989.2	Olfr1496
NM_146344.1	Olfr1495
NM_146990.1	Olfr1494
Olfr1493-ps1	Olfr1493-ps1
Olfr1492-ps1	Olfr1492-ps1
NM_146345.1	Olfr1491
NM_001011832.1	Olfr1490
XR_004940273.1	Gm24124
NM_146635.1	Olfr1489
Olfr1488-ps1	Olfr1488-ps1
NM_146636.2	Olfr1487
Gm9538	Gm9538
Olfr1486-ps1	Olfr1486-ps1
Olfr1485-ps1	Olfr1485-ps1
NM_146291.1	Olfr1484
Olfr1483-ps1	Olfr1483-ps1
Olfr1482-ps1	Olfr1482-ps1
Olfr1481-ps1	Olfr1481-ps1
NM_207575.1	Olfr1480
Gm3188	Gm3188
Olfr1479-ps1	Olfr1479-ps1
Olfr1478-ps1	Olfr1478-ps1
NM_146696.2	Olfr1477
Olfr1476-ps1	Olfr1476-ps1
NM_146301.1	Olfr1475
NM_001011842.1	Olfr1474
Olfr1473-ps1	Olfr1473-ps1
NM_146690.2	Olfr1472
NM_207132.2	Olfr1471
Olfr1470-ps1	Olfr1470-ps1
NM_146695.2	Olfr1469
Olfr1468-ps1	Olfr1468-ps1
NM_146691.1	Olfr1467
NM_146694.1	Olfr1466
XM_030250948.1	Olfr1466
XM_030250947.1	Olfr1466
NM_001011841.1	Olfr1465
XR_004940287.1	Gm22443
Olfr1464-ps1	Olfr1464-ps1
NM_001011840.1	Olfr1463
NM_146693.1	Olfr1462
NM_146302.1	Olfr1461
Olfr1460-ps1	Olfr1460-ps1
NM_146689.1	Olfr1459
XM_030251147.1	Olfr1458
NM_146575.1	Olfr1457
Olfr1456-ps1	Olfr1456-ps1
Olfr1455-ps1	Olfr1455-ps1
NM_146692.1	Olfr1454
NM_146700.1	Olfr1453
Olfr1452-ps1	Olfr1452-ps1
Gm19132	Gm19132
NM_146705.1	Olfr1451
NM_146371.1	Olfr1450
NM_146303.1	Olfr1449
NM_146701.1	Olfr1448
NR_002891.1	Gm5512
NM_146703.1	Olfr1447
NM_146704.1	Olfr1446
NM_146699.1	Olfr1445
NM_146702.1	Olfr1444
Gm5244	Gm5244
XM_030250688.2	Lpxn
NM_134152.4	Lpxn
XM_030250689.2	Lpxn
NM_001361971.1	Lpxn
XM_030250687.1	Lpxn
NM_053009.3	Zfp91
NM_170786.2	Cntf
NR_024093.1	Gm44505
Gm18543	Gm18543
NM_029550.4	Keg1
NM_146698.2	Olfr1443
NM_146697.2	Olfr1442
XR_004940283.1	Gm24521
NM_145935.3	Glyat
NM_001013762.2	Gm4952
NM_001167907.1	Gm4952
NR_015503.1	A330040F15Rik
NM_026640.2	Fam111a
NM_001346545.1	Fam111a
Gm16274	Gm16274
Gm6545	Gm6545
XR_004940250.1	LOC118568405
NM_172442.3	Dtx4
XM_006526816.4	Dtx4
NM_001374668.1	Mpeg1
NM_010821.2	Mpeg1
NM_019540.2	Pfpl
NM_146683.1	Olfr1441
NM_146684.1	Olfr1440
Olfr1439-ps1	Olfr1439-ps1
Olfr1438-ps1	Olfr1438-ps1
NM_001011839.2	Olfr1437
NM_146687.2	Olfr1436
Olfr1435-ps1	Olfr1435-ps1
NM_146685.3	Olfr1434
Gm17802	Gm17802
NM_146686.2	Olfr235
NM_146688.2	Olfr262
NM_001011788.1	Olfr1432
NM_146414.2	Olfr1431
Olfr1430-ps1	Olfr1430-ps1
Olfr1555-ps1	Olfr1555-ps1
NM_146682.1	Olfr76
NM_146678.2	Olfr1428
XM_006527103.3	Olfr1428
NM_146679.1	Olfr1427
NM_146809.2	Olfr1426
NM_001011853.1	Olfr1425
NM_146681.1	Olfr1424
NM_146680.1	Olfr1423
Olfr1422-ps1	Olfr1422-ps1
Olfr1421-ps1	Olfr1421-ps1
rna-n-TVtac2	n-TVtac2
rna-n-TVtac1	n-TVtac1
XR_877735.1	Gm31151
XR_004940249.1	Gm31151
rna-n-TRtct1	n-TRtct1
rna-n-TLtaa4	n-TLtaa4
rna-n-TKctt30	n-TKctt30
rna-n-TFgaa2	n-TFgaa2
rna-n-TKctt29	n-TKctt29
rna-n-TFgaa6	n-TFgaa6
XM_006527439.5	Osbp
NM_001033174.1	Osbp
Gm46643	Gm46643
XR_004940272.1	Gm22272
NR_105960.1	Mir6994
XM_036161547.1	Patl1
XM_030250884.2	Patl1
NM_172635.3	Patl1
XM_036161548.1	Patl1
XR_004940138.1	Patl1
NM_146410.1	Olfr1420
XR_386559.4	Gm31092
Gm6365	Gm6365
NM_001011775.2	Olfr1419
NM_001011524.1	Olfr1418
NM_146936.2	Olfr1417
XR_003952942.2	Gm41810
XM_006526844.4	Stx3
NM_152220.2	Stx3
XM_036161503.1	Stx3
XM_036161504.1	Stx3
NM_001286543.2	Stx3
NM_001025307.2	Stx3
NM_011502.4	Stx3
NM_001360386.1	Stx3
NR_153434.1	Stx3
NR_153433.1	Stx3
XR_003952772.2	Stx3
XR_004940132.1	Stx3
XR_001782568.2	Stx3
XR_001782569.2	Stx3
XR_001782567.2	Stx3
NM_025606.3	Mrpl16
XR_001782678.2	Gm46655
NM_008118.3	Cblif
XM_006526688.2	Cblif
XR_003952941.1	Gm52408
Gm19224	Gm19224
NM_001033283.2	Oosp3
XR_004940308.1	Gm25443
XR_004940313.1	Gm26183
NM_133353.3	Oosp1
NM_001037634.3	Oosp2
NM_133246.5	Ms4a3
NM_013516.2	Ms4a2
NM_001276328.1	Ms4a2
NM_001276330.1	Ms4a2
NM_001276329.1	Ms4a2
XM_017318060.1	Ms4a2
Gm24599	Gm24599
NM_026835.2	Ms4a6d
Gm10212	Gm10212
NM_025658.5	Ms4a4d
NM_027209.3	Ms4a6b
XM_006527261.3	Gm8369
XM_006527260.2	Gm8369
XM_006527263.2	Gm8369
XM_036161654.1	Gm8369
NM_001164202.1	Gm8369
XM_006527259.4	Gm8369
XR_003952860.2	BE692007
XR_386557.5	BE692007
NM_001166376.1	Ms4a6c
NM_028595.4	Ms4a6c
XM_006527381.5	Ms4a6c
XR_877690.3	Ms4a6c
NM_021718.2	Ms4a4b
Gm5511	Gm5511
XM_017318270.2	Ms4a4c
NM_029499.3	Ms4a4c
XM_006527251.4	Ms4a4c
XM_006527250.2	Ms4a4c
Gm5692	Gm5692
NM_001310331.1	Ms4a4a
XM_036161653.1	Ms4a4a
NM_001276398.1	Ms4a7
NM_027836.6	Ms4a7
NM_001025610.4	Ms4a7
NM_001377045.1	Ms4a14
XM_006527510.3	Ms4a14
XM_006527511.3	Ms4a14
XM_011247415.4	Ms4a14
XM_006527124.4	Ms4a5
NM_183190.2	Ms4a5
NM_007641.6	Ms4a1
XM_006527506.1	Ms4a12
XM_006527507.1	Ms4a12
XM_011247414.1	Ms4a12
NM_001374133.1	Ms4a12
NR_045317.1	4930526L06Rik
NM_001347435.1	Ms4a13
NM_198224.3	Ms4a13
NM_027074.4	Ms4a19
NM_001370777.1	Ms4a19
XM_030251072.1	Ms4a19
XM_030251071.1	Ms4a19
XM_011247336.2	Ms4a19
Gm6501	Gm6501
NM_027058.1	Ms4a20
XM_011247334.1	Ms4a20
XM_006527325.4	Ms4a20
XM_006527323.4	Ms4a20
XM_030251070.1	Ms4a20
Gm336	Gm336
NM_022430.2	Ms4a8a
NR_102366.1	AW112010
XR_386556.2	Gm28347
NM_001251849.1	Ms4a18
XM_006527429.2	Ms4a18
XM_006527428.2	Ms4a18
NM_001034898.2	Ms4a15
XM_006527213.4	Ms4a15
XM_006527212.4	Ms4a15
NM_023529.3	Ms4a10
NM_001379527.1	Ms4a10
XM_011247338.2	Ms4a10
XM_006527329.3	Ms4a10
NM_023731.3	Ccdc86
XM_006526696.5	Ptgdr2
XM_006526695.5	Ptgdr2
NM_009962.3	Ptgdr2
XM_011247148.4	Ptgdr2
NM_009580.2	Zp1
NM_001253844.1	Prpf19
NM_134129.4	Prpf19
NM_001253843.1	Prpf19
NM_134142.1	Tmem109
XM_006527317.1	Tmem109
NM_001378918.1	Tmem132a
NM_133804.2	Tmem132a
XR_386529.3	Tmem132a
XR_003952832.1	Tmem132a
NM_023044.2	Slc15a3
XM_006526622.3	Cd6
XM_036161415.1	Cd6
NM_009852.3	Cd6
NM_001037801.2	Cd6
NR_027805.1	A430093F15Rik
NM_007650.3	Cd5
XM_006526621.2	Cd5
XM_006526574.5	Vps37c
NM_001361964.1	Vps37c
NM_001361959.1	Vps37c
NM_001361961.1	Vps37c
NM_001361962.1	Vps37c
NM_001361963.1	Vps37c
NM_001361960.1	Vps37c
NM_181403.3	Vps37c
NM_001361958.1	Vps37c
XM_036161382.1	Vps37c
XM_036161381.1	Vps37c
NR_131163.1	2210404E10Rik
NM_021453.4	Pga5
NR_045316.1	4930524O05Rik
XM_006527349.4	Vwce
NM_027913.2	Vwce
XM_006527348.4	Vwce
XM_006527347.4	Vwce
NR_153778.1	Vwce
XR_386514.3	Vwce
XR_386516.4	Vwce
XR_003952821.1	Vwce
NM_015735.2	Ddb1
XM_006526639.3	Ddb1
XM_011247223.3	Tkfc
NM_145496.1	Tkfc
XM_006526941.5	Tkfc
XM_006526944.5	Tkfc
XM_006526943.4	Tkfc
XM_006526942.3	Tkfc
XM_030250882.2	Cyb561a3
XM_006526939.5	Cyb561a3
XM_030250879.1	Cyb561a3
XM_006526938.5	Cyb561a3
XM_017318147.3	Cyb561a3
XM_030250883.2	Cyb561a3
NM_001362431.1	Cyb561a3
NM_001282067.2	Cyb561a3
XM_006526940.4	Cyb561a3
NM_001282064.1	Cyb561a3
NM_001282065.1	Cyb561a3
NM_001362430.1	Cyb561a3
NM_201351.2	Cyb561a3
XM_036161700.1	Tmem138
NM_001302218.1	Tmem138
XM_011247367.3	Tmem138
XM_011247366.3	Tmem138
NM_028411.4	Tmem138
NR_126092.1	Tmem138
NM_001277861.1	Tmem216
NM_001277860.1	Tmem216
NM_026798.3	Tmem216
XM_006527319.5	Tmem216
XM_006527318.4	Tmem216
XR_386504.4	Tmem216
XR_386505.5	Tmem216
XM_036161608.1	Cpsf7
XM_030250958.1	Cpsf7
XM_006527119.2	Cpsf7
XM_030250954.1	Cpsf7
XM_006527116.5	Cpsf7
XM_030250955.1	Cpsf7
XM_036161606.1	Cpsf7
XM_036161607.1	Cpsf7
NM_001164272.1	Cpsf7
NM_172302.3	Cpsf7
NM_001362450.1	Cpsf7
XM_006527117.4	Cpsf7
XM_030250956.2	Cpsf7
NM_025333.4	Sdhaf2
NM_001368184.1	Ppp1r32
NM_133689.2	Ppp1r32
XM_006527302.5	Ppp1r32
XM_017318281.1	Ppp1r32
XM_036161672.1	Ppp1r32
XM_017318282.1	Ppp1r32
NM_001111140.2	Lrrc10b
XM_030250996.2	Syt7
XM_036161638.1	Syt7
XM_017318257.1	Syt7
XM_017318253.1	Syt7
XM_017318252.1	Syt7
XM_017318255.1	Syt7
XM_036161637.1	Syt7
XM_030250994.1	Syt7
XM_030250997.2	Syt7
NM_018801.3	Syt7
NM_173068.2	Syt7
NM_173067.3	Syt7
NM_001373944.1	Syt7
XM_030250995.2	Syt7
XM_006527204.5	Syt7
XR_386555.2	Gm30263
XR_003952840.2	Gm30042
XR_003952839.2	Gm30042
XR_003952838.2	Gm30042
XR_003952837.1	Gm30042
XR_004940248.1	Gm30042
XR_003952836.2	Gm30042
XM_017318213.2	Dagla
NM_198114.2	Dagla
XM_036161605.1	Dagla
XM_036161544.1	Myrf
XM_036161543.1	Myrf
NM_001033481.1	Myrf
XM_036161545.1	Myrf
XM_006526928.5	Myrf
XM_006526929.5	Myrf
XM_006526932.4	Myrf
XM_006526934.4	Myrf
XM_006526927.4	Myrf
XM_011247222.3	Myrf
XM_006526930.5	Myrf
XM_006526931.5	Myrf
NM_001163431.1	Tmem258
NM_026919.1	Tmem258
XM_006526663.4	Fen1
XM_006526664.4	Fen1
XM_006526661.3	Fen1
NM_001271614.2	Fen1
NM_001271615.2	Fen1
NM_007999.6	Fen1
NR_105959.1	Mir6993
NM_146094.2	Fads1
XM_006527438.3	Fads1
Gm50359	Gm50359
NM_019699.2	Fads2
XR_003952835.1	Gm29917
XR_386544.3	Gm29917
XR_386546.3	Gm29917
XR_386545.3	Gm29917
NM_021890.3	Fads3
XR_003952800.2	Fads3
XR_003952799.2	Fads3
XM_011247385.4	Rab3il1
NM_001378859.1	Rab3il1
NM_001378861.1	Rab3il1
NM_001378858.1	Rab3il1
NM_144538.3	Rab3il1
NM_001347430.1	Rab3il1
NM_001378860.1	Rab3il1
XM_036161715.1	Rab3il1
XM_006527412.1	Rab3il1
XM_030251120.2	Rab3il1
NM_001378857.1	Rab3il1
XM_036161716.1	Rab3il1
XM_006527414.1	Rab3il1
XM_030251123.1	Rab3il1
XM_030251119.1	Rab3il1
XM_036161717.1	Rab3il1
NM_001347429.1	Rab3il1
NR_166144.1	Rab3il1
NR_153790.1	Rab3il1
XR_877692.3	Rab3il1
NM_011913.2	Best1
NM_010239.2	Fth1
NR_073181.1	Fth1
XR_877718.2	Gm41806
XR_386542.4	Gm36913
XR_877720.2	Gm36913
XR_877719.3	Gm36913
NR_168101.1	Gm50340
NR_168100.1	Gm50340
Gm19054	Gm19054
XM_006526707.2	Incenp
XM_011247154.1	Incenp
XM_006526710.2	Incenp
XM_006526708.2	Incenp
NM_001369356.1	Incenp
NM_016692.4	Incenp
NM_001378410.1	Scgb2a2
NR_073559.1	Stxbp3-ps
Pcna-ps2	Pcna-ps2
XR_001782693.2	Gm9750
Gm6252	Gm6252
XM_011247423.1	Gm38656
NM_025610.3	Asrgl1
XR_877715.2	Gm41805
NM_011681.2	Scgb1a1
XM_006527253.5	Ahnak
XM_017318272.2	Ahnak
NM_009643.2	Ahnak
NM_001039959.2	Ahnak
NM_001286518.1	Ahnak
XM_006527256.5	Ahnak
XR_877684.4	Ahnak
XR_877685.4	Ahnak
XR_004940166.1	Ahnak
XR_877686.4	Ahnak
NR_104460.1	Ahnak
NM_026007.4	Eef1g
XM_036161683.1	Tut1
XM_030251074.2	Tut1
NM_197993.3	Tut1
XM_030250932.2	Mta2
XM_030250933.2	Mta2
NM_011842.3	Mta2
NR_165499.1	Gm10353
NM_009073.4	Rom1
XM_036161540.1	Eml3
NM_144872.1	Eml3
NM_001374671.1	Eml3
XM_036161541.1	Eml3
XR_004940137.1	Eml3
XR_004940136.1	Eml3
NM_024256.2	B3gat3
XR_003952823.2	B3gat3
XR_003952914.2	Gm36629
XR_877713.3	Gm36629
XM_006526678.2	Ganab
XM_006526677.2	Ganab
NM_001293621.1	Ganab
NM_008060.2	Ganab
NM_176843.3	Ints5
NM_025463.3	1810009A15Rik
NR_104416.1	1810009A15Rik
NR_039598.1	Mir5136
NR_169267.1	Snora57
NR_027866.1	5730408K05Rik
NM_001286103.1	Lbhd1
NM_001160356.1	Uqcc3
NM_146093.2	Ubxn1
NM_001362044.1	Ubxn1
NM_001360628.1	Lrrn4cl
NM_001013019.3	Lrrn4cl
XM_030250754.1	Bscl2
NM_001290823.1	Bscl2
XM_006526691.3	Bscl2
NM_008144.5	Bscl2
NM_001136064.3	Bscl2
NM_010316.3	Gng3
NM_001081196.1	Hnrnpul2
XR_003952813.2	Hnrnpul2
NM_027412.3	Ttc9c
XM_036161684.1	Ttc9c
XR_386507.5	Ttc9c
XM_006527419.3	Zbtb3
NM_001098237.2	Zbtb3
NM_133759.4	Zbtb3
XM_006527420.5	Zbtb3
NM_026329.2	Polr2g
NR_015538.1	Gm2518
NM_146092.2	Taf6l
NM_001177798.1	Taf6l
NM_026325.3	Tmem179b
NR_028419.1	Tmem179b
NR_028418.1	Tmem179b
NM_025791.1	Tmem223
NM_001276704.1	Nxf1
NM_016813.2	Nxf1
NR_132424.1	1700023D09Rik
NR_132423.1	1700023D09Rik
NR_105958.1	Mir6992
NM_019829.4	Stx5a
XM_030250999.2	Stx5a
XM_030250998.2	Stx5a
XM_030251000.2	Stx5a
NM_001167799.1	Stx5a
NM_001177347.1	1700092M07Rik
NM_134139.1	Wdr74
XM_006526554.4	Wdr74
NR_004445.1	Snord22
XR_004940307.1	LOC115489087
XR_004940306.1	LOC115489086
XR_004940301.1	LOC115489081
XR_004940302.1	LOC115489082
XR_004940303.1	LOC115489083
XR_004940304.1	LOC115489084
XR_004940298.1	LOC115489078
NR_002896.3	Snhg1
XM_006526733.4	Slc3a2
XM_036161455.1	Slc3a2
XM_017318078.3	Slc3a2
NM_008577.4	Slc3a2
NM_001161413.1	Slc3a2
NM_007698.3	Chrm1
NM_001112697.1	Chrm1
NR_045314.1	9830166K06Rik
NM_008766.3	Slc22a6
XR_877710.4	Gm36394
XR_386536.5	Gm36394
NM_001164635.1	Slc22a8
NM_001164634.1	Slc22a8
NM_031194.5	Slc22a8
XM_030250797.2	Slc22a8
XM_011247171.2	Slc22a8
XM_036161470.1	Slc22a8
XM_036161469.1	Slc22a8
XR_004940127.1	Slc22a8
Gm6425	Gm6425
XR_004940314.1	LOC115489093
Gm8189	Gm8189
XM_006527138.2	Slc22a30
XM_011247262.3	Slc22a30
XM_006527136.2	Slc22a30
NM_177002.3	Slc22a30
XM_006527137.2	Slc22a30
XM_006527135.1	Slc22a30
XR_877676.1	Slc22a30
XR_004940247.1	LOC118568404
Gm8184	Gm8184
Gm7105	Gm7105
XR_877706.3	Gm41804
XM_011247245.3	Slc22a29
XM_006527060.4	Slc22a29
XM_006527061.1	Slc22a29
NM_172776.3	Slc22a29
NM_001347426.1	Slc22a29
XM_006527180.2	Slc22a28
XM_011247279.1	Slc22a28
NM_001013820.3	Slc22a28
XM_030250984.1	Slc22a28
XM_011247278.2	Slc22a28
XM_011247277.2	Slc22a28
XM_006527179.3	Slc22a28
Gm6386	Gm6386
Gm6192	Gm6192
XM_017318077.3	Slc22a27
XM_017318076.3	Slc22a27
XM_006526728.3	Slc22a27
NM_134256.1	Slc22a27
NM_001361980.1	Slc22a27
Gm7096	Gm7096
NM_146232.1	Slc22a26
XM_017318188.2	Slc22a26
Gm18544	Gm18544
Gm15968	Gm15968
Gm15967	Gm15967
XM_006526815.1	Slc22a19
XM_006526814.3	Slc22a19
NM_144785.2	Slc22a19
Gm16437	Gm16437
NM_025731.3	Plaat5
NM_001368696.1	Plaat5
NM_019516.5	Lgals12
NM_001370686.1	Lgals12
NM_001356574.2	Lgals12
XM_006527221.5	Lgals12
XM_011247220.2	Plaat3
NM_001362425.1	Plaat3
NM_139269.2	Plaat3
NM_146091.4	Atl3
NM_001163505.1	Atl3
XM_006526604.5	Atl3
XM_017318088.2	Rtn3
NM_001003934.2	Rtn3
NM_001271486.1	Rtn3
NM_001271487.1	Rtn3
NM_001003933.2	Rtn3
NM_053076.3	Rtn3
NR_105957.1	Mir6991
XM_011247116.3	2700081O15Rik
XM_011247115.3	2700081O15Rik
NM_175381.6	2700081O15Rik
Gm18842	Gm18842
Rab11b-ps2	Rab11b-ps2
NR_045703.1	1700105P06Rik
NM_001167831.1	Spindoc
NM_001033139.3	Spindoc
XM_011247331.4	Spindoc
XM_011247332.4	Spindoc
XM_030251065.2	Spindoc
XR_003952811.2	Spindoc
NR_167892.1	Gm17227
NR_167747.2	Gm17227
XM_006526656.4	Mark2
XM_006526654.5	Mark2
XM_030250744.2	Mark2
XM_030250743.2	Mark2
XM_006526642.5	Mark2
XM_030250741.2	Mark2
XM_036161426.1	Mark2
NM_001080390.2	Mark2
XM_036161425.1	Mark2
XM_017318059.3	Mark2
XM_006526646.5	Mark2
XM_006526644.5	Mark2
XM_006526648.4	Mark2
XM_006526650.4	Mark2
XM_006526652.4	Mark2
XM_006526641.4	Mark2
XM_006526647.3	Mark2
XM_036161423.1	Mark2
XM_036161428.1	Mark2
XM_006526643.3	Mark2
XM_030250740.2	Mark2
XM_030250742.2	Mark2
XM_036161427.1	Mark2
XM_006526645.3	Mark2
NM_007928.3	Mark2
NM_001080389.2	Mark2
NM_001080388.2	Mark2
XM_030250677.1	Rcor2
NM_001320554.1	Rcor2
XM_006526551.3	Rcor2
NM_054048.4	Rcor2
XR_004940289.1	Gm22113
XM_006527336.5	Naa40
NM_027643.1	Naa40
NM_007750.2	Cox8a
NM_134150.2	Otub1
XR_877703.4	Gm38621
NM_201411.2	Flrt1
XM_006527171.5	Flrt1
XM_006527169.3	Flrt1
XM_006527170.4	Flrt1
XR_105990.6	5730409K12Rik
NM_001378920.1	Macrod1
NM_001378919.1	Macrod1
NM_134147.4	Macrod1
XM_006526563.4	Macrod1
XM_036161375.1	Macrod1
XM_036161374.1	Macrod1
NM_016737.2	Stip1
XR_004940245.1	LOC118568402
NM_001362399.1	Fermt3
NM_153795.2	Fermt3
XM_030251066.1	Nudt22
NM_026675.2	Nudt22
XM_006526577.5	Trpt1
XM_006526579.3	Trpt1
NM_153597.2	Trpt1
XM_006526578.5	Trpt1
XM_036161384.1	Trpt1
NR_027351.1	Trpt1
NM_001356999.1	Dnajc4
XM_036161648.1	Dnajc4
NM_001357000.1	Dnajc4
NM_001357001.1	Dnajc4
NM_020566.2	Dnajc4
XM_030251007.1	Dnajc4
XM_030251006.1	Dnajc4
XM_036161649.1	Dnajc4
NM_011697.3	Vegfb
NM_001185164.1	Vegfb
XR_004940246.1	LOC118568403
NM_001360288.1	Fkbp2
NM_001360286.1	Fkbp2
NM_008020.4	Fkbp2
NM_001166368.2	Fkbp2
NM_001370419.1	LOC114841036
NM_008889.2	Ppp1r14b
XR_003952919.1	Gm52400
NM_008874.4	Plcb3
NM_001290349.1	Plcb3
XM_006526766.5	Plcb3
XM_006526767.5	Plcb3
Gm19053	Gm19053
NM_001285453.1	Bad
NM_007522.3	Bad
NM_001379534.1	Gpr137
NM_001379536.1	Gpr137
NM_001379535.1	Gpr137
XM_006526557.5	Gpr137
XM_036161372.1	Gpr137
NM_207220.3	Gpr137
NM_001177360.2	Gpr137
NM_001177362.2	Gpr137
NM_001177361.2	Gpr137
NR_166767.1	Gpr137
XR_004940108.1	Gpr137
XR_001782554.3	Gpr137
XM_006526721.1	Kcnk4
XM_006526719.3	Kcnk4
XM_036161452.1	Kcnk4
XM_006526720.4	Kcnk4
XM_006526716.3	Kcnk4
XM_036161450.1	Kcnk4
XM_036161451.1	Kcnk4
XM_006526718.4	Kcnk4
NM_008431.3	Kcnk4
XM_006526717.5	Kcnk4
NM_001039494.2	Catsperz
NR_105956.1	Mir6990
NM_007953.2	Esrra
XM_017318209.3	Esrra
XM_030250950.2	Esrra
XM_006527111.3	Esrra
NM_026306.3	Trmt112
NM_001166370.1	Trmt112
NM_012021.3	Prdx5
NM_001358444.1	Prdx5
XR_004940244.1	LOC118568401
XM_006527464.5	Ccdc88b
NM_001081291.1	Ccdc88b
XM_011247402.4	Ccdc88b
XM_036161731.1	Ccdc88b
XR_003952826.2	Ccdc88b
NR_039555.1	Mir5046
NM_019924.2	Rps6ka4
XM_017318261.3	Rps6ka4
XR_004940158.1	Rps6ka4
Hmgb1-ps4	Hmgb1-ps4
XR_004940243.1	Gm32245
XR_879496.3	Gm32245
NM_009203.3	Slc22a12
XR_003952843.2	Gm52381
NM_001205235.2	Nrxn2
NM_020253.4	Nrxn2
NM_001205234.2	Nrxn2
NM_001369363.1	Nrxn2
XR_879495.3	Gm14965
XM_017318082.1	Rasgrp2
NM_001365063.1	Rasgrp2
XM_011248613.4	Rasgrp2
XM_036161467.1	Rasgrp2
NM_011242.3	Rasgrp2
XM_030250791.1	Rasgrp2
XM_006531690.3	Rasgrp2
XM_030250785.1	Rasgrp2
XM_030250789.1	Rasgrp2
XM_011248615.2	Rasgrp2
XM_030250786.1	Rasgrp2
XM_006531688.3	Rasgrp2
XM_036161468.1	Rasgrp2
NM_001365062.1	Rasgrp2
XM_030250787.1	Rasgrp2
XM_030250790.2	Rasgrp2
XM_006531689.5	Rasgrp2
XM_006531692.5	Rasgrp2
XM_006531685.4	Rasgrp2
XM_030250783.2	Rasgrp2
XM_006531686.5	Rasgrp2
XM_030250788.2	Rasgrp2
XM_030250792.1	Rasgrp2
XM_006531691.3	Rasgrp2
XM_006531687.2	Rasgrp2
XM_030250784.1	Rasgrp2
NR_157554.1	Rasgrp2
XR_003952759.2	Rasgrp2
NM_011224.2	Pygm
XM_030250928.1	Sf1
XM_030250929.1	Sf1
XM_030250926.2	Sf1
XM_030250930.2	Sf1
XM_030250925.2	Sf1
XM_006531733.4	Sf1
XM_030250931.1	Sf1
NM_001360393.1	Sf1
NM_011750.2	Sf1
NM_001110791.1	Sf1
XM_006531736.3	Sf1
XM_006531737.5	Sf1
XM_006531738.5	Sf1
XM_006531735.5	Sf1
XM_006531740.4	Sf1
XM_006531734.5	Sf1
NR_122118.1	Sf1
XR_004940300.1	LOC115489080
NR_168058.1	Gm14966
NR_105955.1	Mir6989
XM_006531757.2	Map4k2
XM_006531756.4	Map4k2
XM_017318212.2	Map4k2
NM_001291787.1	Map4k2
NM_009006.3	Map4k2
XM_006531760.5	Map4k2
XM_017318211.3	Map4k2
XM_036161600.1	Map4k2
XM_006531755.4	Map4k2
NR_117093.1	Map4k2
XR_001782591.3	Map4k2
NM_001168490.1	Men1
NM_008583.2	Men1
NM_001168489.1	Men1
NM_001168488.1	Men1
NM_001033342.1	Cdc42bpg
XM_036161590.1	Cdc42bpg
XM_036161589.1	Cdc42bpg
XM_036161588.1	Cdc42bpg
XR_003952842.2	Gm52380
NM_010119.5	Ehd1
NR_168273.1	Gm14963
NR_029720.1	Mir192
NR_029830.1	Mir194-2
XM_006531775.5	Atg2a
XM_006531774.5	Atg2a
XM_006531773.4	Atg2a
NM_194348.3	Atg2a
XM_006531772.4	Atg2a
XR_004940153.1	Atg2a
XR_004940152.1	Atg2a
NM_198168.3	Ppp2r5b
XM_030250869.1	Ppp2r5b
XM_036161520.1	Ppp2r5b
NM_130453.3	Gpha2
XM_011248644.3	Majin
NM_001377074.1	Majin
NM_001377075.1	Majin
NM_001165919.2	Majin
XM_036161650.1	Majin
NM_001356604.1	Batf2
NM_028967.2	Batf2
NM_001379529.1	Batf2
XM_017318301.3	Batf2
Gm5510	Gm5510
NR_162796.1	Mir12193
NM_019722.3	Arl2
XR_003952891.1	LOC115489019
XM_011248651.4	Snx15
NM_026912.2	Snx15
XM_006531831.5	Snx15
NM_133678.3	Sac3d1
XM_036161651.1	Sac3d1
NM_001009546.2	Naaladl1
NM_001362427.1	Gm550
NM_026410.3	Cdca5
XM_006531863.4	Zfpl1
XM_006531862.3	Zfpl1
NM_001356994.1	Zfpl1
NM_024231.3	Zfpl1
NM_001111317.2	Tmem262
XM_006531786.4	Tmem262
NM_001081041.1	Vps51
NM_028454.2	Tm7sf2
NM_013859.2	Znhit2
NM_001160239.3	Fau
NM_007990.4	Fau
NM_001190436.2	Fau
NM_026246.4	Mrpl49
NR_105954.1	Mir6988
NM_001164709.1	Syvn1
NM_028769.5	Syvn1
XM_006531850.5	Syvn1
XR_004940177.1	Syvn1
Gm8034	Gm8034
XM_036161738.1	Gm19505
NR_045783.1	Gm10814
XM_036161414.1	Capn1
NM_007600.3	Capn1
NM_001110504.1	Capn1
XR_001782723.1	Gm31719
XR_001782725.1	Gm31719
XR_003952890.1	Gm31719
XR_001782726.2	Gm31719
XR_388305.2	Gm31719
XR_879486.1	Gm31719
XR_879487.2	Gm31719
XR_879490.2	Gm31719
NM_198650.2	Slc22a20
NM_001164057.1	Pola2
XM_011248608.4	Pola2
XM_030250774.2	Pola2
XM_006531684.5	Pola2
XM_030250776.1	Pola2
XM_011248609.3	Pola2
XM_006531683.5	Pola2
XM_030250775.2	Pola2
XM_011248607.3	Pola2
XM_011248610.3	Pola2
XM_006531681.4	Pola2
NM_008893.3	Pola2
XR_004940121.1	Pola2
NM_026772.2	Cdc42ep2
NR_168272.1	Gm42067
NM_001291078.1	Dpf2
NM_011262.5	Dpf2
NM_001362045.1	Tigd3
NM_198634.2	Tigd3
NM_001361974.1	Slc25a45
NM_001361973.1	Slc25a45
NM_134154.4	Slc25a45
XM_036161393.1	Slc25a45
XM_006531622.5	Slc25a45
XM_006531828.3	Frmd8
XM_006531829.4	Frmd8
NM_026169.4	Frmd8
XR_004940242.1	Frmd8os
NR_003513.3	Neat1
NR_131212.1	Neat1
NR_144621.1	Mascrna
NR_002847.3	Malat1
NM_023912.3	Scyl1
NM_001361922.1	Scyl1
NM_001361921.1	Scyl1
XM_030251145.2	Scyl1
NR_155264.1	Scyl1
XR_388273.4	Scyl1
XM_006531673.3	Ltbp3
XM_006531670.4	Ltbp3
XM_006531669.4	Ltbp3
XM_017318073.3	Ltbp3
XM_017318072.3	Ltbp3
XM_006531672.4	Ltbp3
XM_017318071.3	Ltbp3
XM_006531671.4	Ltbp3
XM_036161454.1	Ltbp3
XM_006531668.4	Ltbp3
NM_008520.3	Ltbp3
NM_020491.5	Znrd2
NM_181452.2	Fam89b
NM_023166.2	Fam89b
XM_036161402.1	Ehbp1l1
XM_036161403.1	Ehbp1l1
XM_030250707.2	Ehbp1l1
XM_006531635.4	Ehbp1l1
XM_006531634.4	Ehbp1l1
XM_030250705.2	Ehbp1l1
XM_030250703.2	Ehbp1l1
XM_030250701.2	Ehbp1l1
NM_001381901.1	Ehbp1l1
NM_001114596.1	Ehbp1l1
NM_001114597.1	Ehbp1l1
NM_053252.3	Ehbp1l1
NM_001114595.1	Ehbp1l1
XR_003952738.2	Ehbp1l1
XM_006531666.5	Kcnk7
NM_010609.3	Kcnk7
XM_006531753.5	Map3k11
NM_022012.3	Map3k11
XM_036161599.1	Map3k11
XM_006531752.2	Map3k11
XM_030250952.1	Map3k11
XM_030250951.2	Map3k11
XM_030250953.1	Map3k11
XR_004940149.1	Map3k11
NR_105953.1	Mir6987
XM_030250680.2	Pcnx3
XM_030250682.2	Pcnx3
XM_006531614.5	Pcnx3
XM_011248595.4	Pcnx3
XM_006531615.5	Pcnx3
XM_011248596.4	Pcnx3
XM_030250679.1	Pcnx3
XM_006531612.4	Pcnx3
XM_030250681.1	Pcnx3
NM_144868.3	Pcnx3
XM_006531613.5	Pcnx3
NM_001164481.1	Sipa1
NM_011379.4	Sipa1
NM_001164480.1	Sipa1
NM_001164568.1	Sipa1
NM_001164482.1	Sipa1
XM_036161493.1	Sipa1
XM_030250828.2	Sipa1
XM_036161494.1	Sipa1
XM_006531694.4	Rela
NM_001365067.1	Rela
NM_009045.5	Rela
NM_001199249.1	Kat5
NM_001362371.1	Kat5
NM_001362370.1	Kat5
NM_001362372.1	Kat5
NM_001199248.1	Kat5
NM_178637.2	Kat5
NM_001199247.1	Kat5
XM_006531860.3	Kat5
NR_155544.1	Kat5
NM_026616.2	Rnaseh2c
NM_001362046.1	Ap5b1
NM_001033448.3	Ap5b1
XM_006531784.2	Ap5b1
XM_011248606.4	Ovol1
XM_006531675.5	Ovol1
XM_011248605.4	Ovol1
XM_006531676.5	Ovol1
NM_019935.3	Ovol1
Gm31166	Gm31166
NM_023781.5	Nscme3l
XM_036161521.1	Snx32
XM_036161522.1	Snx32
NM_001362042.1	Snx32
NM_001024560.3	Snx32
XM_011248618.3	Snx32
XM_030250870.2	Snx32
XM_030250871.2	Snx32
XM_011248617.4	Snx32
XR_004940135.1	Snx32
XR_388254.5	Snx32
NM_007687.5	Cfl1
NM_027877.4	Mus81
XR_003952817.2	Mus81
XR_003952819.2	Mus81
XR_003952818.2	Mus81
NR_153768.1	Mus81
NR_153769.1	Mus81
NM_001164352.1	Efemp2
NM_021474.3	Efemp2
XM_006531810.4	Efemp2
XM_006531809.1	Efemp2
XM_006531808.1	Efemp2
XM_006531807.1	Efemp2
XM_030251013.1	Efemp2
NM_001374680.1	Efemp2
XR_001782605.2	Efemp2
XM_006531661.5	Ctsw
NM_009985.5	Ctsw
XR_879413.4	Ctsw
NM_021438.4	Fibp
NM_001253832.1	Fibp
XM_030251010.1	Fibp
XM_006531805.3	Fibp
NM_198616.4	Ccdc85b
NM_001243307.1	Ccdc85b
NM_010235.2	Fosl1
Gm31070	Gm31070
Gm25432	Gm25432
NM_134149.2	AI837181
NM_001256515.1	AI837181
NM_001291080.1	Drap1
NM_024176.2	Drap1
XM_036161737.1	Gm6293
NR_027938.2	4930481A15Rik
NR_015545.2	4930481A15Rik
XR_004940241.1	LOC118568400
XR_004940240.1	LOC118568400
NM_001373978.1	Tsga10ip
NR_033224.1	D330050I16Rik
XM_030250798.2	Sart1
NM_016882.3	Sart1
XM_030251073.1	Eif1ad
NM_027236.2	Eif1ad
NM_001038231.2	Banf1
NM_001286608.1	Banf1
NM_011793.3	Banf1
NR_104482.1	Banf1
NM_028623.5	Cst6
XM_017318141.1	Catsper1
XM_006531708.2	Catsper1
NM_139301.3	Catsper1
XR_001782577.2	Catsper1
Gm7074	Gm7074
NR_166897.1	Gm42064
NM_001024717.2	Gal3st3
NM_030109.2	Sf3b2
NM_001362454.1	Sf3b2
NM_001362451.2	Pacs1
NM_153129.3	Pacs1
XM_036161394.1	Pacs1
Gm5242	Gm5242
XR_001782652.1	Gm30840
XR_004940239.1	Gm30840
NM_001369361.1	Klc2
NM_001369360.1	Klc2
NM_001369362.1	Klc2
NM_008451.3	Klc2
NR_045528.2	Klc2
NM_029576.3	Rab1b
NM_001302333.1	Cnih2
NM_009920.4	Cnih2
NM_026553.4	Yif1a
NM_001001885.2	Tmem151a
NM_054042.2	Cd248
XM_006531714.2	Rin1
NM_001374052.1	Rin1
NM_145495.3	Rin1
NM_001374051.1	Rin1
XM_006531718.2	Rin1
XM_006531716.2	Rin1
XM_036161525.1	Rin1
XM_006531715.3	Rin1
XM_006531710.4	Rin1
XM_006531712.4	Rin1
XM_006531711.4	Rin1
XM_006531719.3	Rin1
XM_006531713.3	Rin1
NM_001374048.1	Brms1
NM_134155.3	Brms1
NM_001374047.1	Brms1
NM_175383.2	B4gat1
rna-n-TSgct6	n-TSgct6
XR_388294.4	Gm30581
XM_030250739.2	Slc29a2
NM_007854.3	Slc29a2
XM_030250738.1	Slc29a2
XR_003952750.1	Slc29a2
NM_153553.5	Npas4
XM_030250872.2	Npas4
XM_011248619.3	Npas4
XM_036161526.1	Npas4
NM_025553.4	Mrpl11
XM_006531821.2	Mrpl11
NM_172835.3	Peli3
XM_006531745.1	Peli3
XM_006531746.1	Peli3
NM_001347422.1	Peli3
NM_001360711.1	Dpp3
XM_036161720.1	Dpp3
XM_036161719.1	Dpp3
NM_133803.2	Dpp3
NM_001033128.3	Bbs1
XM_006531788.4	Bbs1
NM_001168517.1	Zdhhc24
NM_001168516.1	Zdhhc24
NM_027476.3	Zdhhc24
NM_013456.2	Actn3
NM_019861.2	Ctsf
XM_030251004.2	Ctsf
NM_207268.3	Ccdc87
NM_016892.3	Ccs
XR_003952739.1	Ccs
NM_019869.3	Rbm14
NM_009032.3	Rbm4
NM_001290125.1	Rbm4
NM_001290122.1	Rbm4
NM_001290124.1	Rbm4
NM_001290123.1	Rbm4
Gm19103	Gm19103
XM_006531826.4	Rbm4b
XM_030251030.2	Rbm4b
XM_006531827.5	Rbm4b
NM_025717.3	Rbm4b
XM_006531825.5	Rbm4b
XM_006531824.5	Rbm4b
XR_003952805.2	Rbm4b
XR_003952809.2	Rbm4b
XR_003952806.2	Rbm4b
XR_001782611.3	Rbm4b
XR_003952803.1	Rbm4b
XR_003952808.1	Rbm4b
XR_001782610.2	Rbm4b
NM_001290127.1	Gm21992
NM_001290128.1	Gm21992
NR_157185.1	Gm21992
NM_021287.2	Sptbn2
NM_001033447.3	Gm960
XM_011248639.4	Gm960
XM_011248635.4	Gm960
XM_036161617.1	Gm960
XM_011248634.4	Gm960
XM_011248636.4	Gm960
XM_011248637.4	Gm960
XM_011248638.4	Gm960
NR_105952.1	Mir6986
NM_001368714.1	Rce1
NM_001368713.1	Rce1
NM_001368715.1	Rce1
NM_001368712.1	Rce1
NM_023131.2	Rce1
XM_030250793.2	Rce1
NR_160885.1	Rce1
NR_160884.1	Rce1
NR_160881.1	Rce1
NR_160877.1	Rce1
NR_160880.1	Rce1
NR_160883.1	Rce1
NR_160878.1	Rce1
NR_160882.1	Rce1
NR_160879.1	Rce1
NM_153388.4	Lrfn4
XM_017318142.3	Lrfn4
NM_008797.3	Pcx
XM_006531678.5	Pcx
NM_001162946.1	Pcx
NM_027237.2	2010003K11Rik
NM_134164.5	Syt12
NR_045989.1	A930001C03Rik
NR_045990.1	A930001C03Rik
XM_006531644.3	Rhod
NM_001329989.1	Rhod
NM_007485.5	Rhod
XM_036161741.1	9430078G10Rik
XM_006531723.4	Kdm2a
XM_006531722.4	Kdm2a
NM_001001984.2	Kdm2a
XM_036161401.1	Grk2
NM_130863.2	Grk2
NM_001290818.1	Grk2
NM_026720.2	Ankrd13d
NR_105951.1	Mir6985
NM_001374687.1	Ssh3
NM_198113.3	Ssh3
NM_001356620.1	Ssh3
NM_027196.4	Pold4
NR_132280.1	Pold4
NR_132309.2	Gm45928
NR_132308.2	Gm45928
NM_001310039.1	Clcf1
NM_019952.5	Clcf1
NM_001310038.2	Clcf1
XR_003952885.1	LOC102631992
XR_001782681.2	LOC102631992
XR_003952884.2	LOC102631992
XR_388288.2	Gm30082
XR_388289.3	Gm30082
XR_004940238.1	Gm30082
NM_011237.2	Rad9a
XR_879420.4	Rad9a
NM_031868.2	Ppp1ca
XM_006531626.3	Tbc1d10c
XM_011248598.3	Tbc1d10c
XM_036161396.1	Tbc1d10c
XM_006531628.3	Tbc1d10c
XM_036161397.1	Tbc1d10c
NM_178650.3	Tbc1d10c
XM_036161379.1	Carns1
XM_036161377.1	Carns1
XM_036161380.1	Carns1
NM_134148.2	Carns1
XM_036161378.1	Carns1
XM_036161376.1	Carns1
XM_006531813.5	Rps6kb2
NM_021485.3	Rps6kb2
XR_003952796.2	Rps6kb2
XR_388263.5	Rps6kb2
XR_003952797.2	Rps6kb2
XR_003952798.2	Rps6kb2
XR_004940159.1	Rps6kb2
XR_004940160.1	Rps6kb2
XR_004940161.1	Rps6kb2
XR_004940162.1	Rps6kb2
XR_004940163.1	Rps6kb2
NR_153661.1	Rps6kb2
NR_153659.1	Rps6kb2
NR_153660.1	Rps6kb2
NM_016933.3	Ptprcap
NM_011778.3	Coro1b
XM_006531741.4	Coro1b
XM_036161587.1	Coro1b
XM_036161586.1	Coro1b
XM_036161585.1	Coro1b
XM_006531742.2	Coro1b
NM_206973.2	Gpr152
XM_036161705.1	Cabp4
NM_144532.2	Cabp4
NM_025889.2	Tmem134
NM_001078649.1	Tmem134
XM_006531642.4	Aip
XM_030250709.1	Aip
XM_036161404.1	Aip
NM_001276284.1	Aip
NM_016666.3	Aip
NM_008851.4	Pitpnm1
XM_036161462.1	Pitpnm1
XM_030250773.2	Pitpnm1
XR_004940120.1	Pitpnm1
XR_003952755.2	Pitpnm1
XR_003952754.2	Pitpnm1
XR_003952753.2	Pitpnm1
XR_388251.5	Pitpnm1
NR_075078.1	Pitpnm1
NM_026373.4	Cdk2ap2
XM_006531787.5	Cdk2ap2
NM_001160252.1	Cabp2
NM_013878.2	Cabp2
XM_006531770.3	Cabp2
NM_001160253.1	Cabp2
XM_006531765.4	Cabp2
XM_006531763.4	Cabp2
XM_006531764.4	Cabp2
XM_006531767.2	Cabp2
XM_006531769.2	Cabp2
XM_006531766.2	Cabp2
Snord3b-ps1	Snord3b-ps1
XR_882627.1	Gm42060
NM_001362043.1	Gstp3
NM_144869.3	Gstp3
XM_030250874.1	Gstp3
XM_030250873.2	Gstp3
XM_011248620.3	Gstp3
XM_006531725.4	Gstp3
NM_181796.2	Gstp2
NM_013541.1	Gstp1
NM_133666.3	Ndufv1
NM_021791.3	Doc2g
NM_025529.3	Nudt8
NM_011533.2	Tbx10
NM_001001320.1	Tbx10
NM_001302482.1	Acy3
NM_001302481.1	Acy3
NM_001302480.1	Acy3
NM_001302479.1	Acy3
XR_003952881.1	Gm52386
NM_001177438.1	Aldh3b2
NM_028545.2	Aldh3b3
XM_006531842.3	Aldh3b3
XM_006531845.5	Aldh3b3
XM_006531844.5	Aldh3b3
XM_006531843.3	Aldh3b3
NM_001161428.1	Unc93b1
NM_019449.2	Unc93b1
XM_006531798.3	Unc93b1
XR_004940237.1	Gm42059
XR_003952879.1	Gm42059
NM_026316.3	Aldh3b1
XM_006531830.4	Aldh3b1
NM_144870.5	Ndufs8
NM_001271444.1	Ndufs8
NM_001271443.1	Ndufs8
XM_011248632.2	Tcirg1
NM_016921.3	Tcirg1
NM_001167784.1	Tcirg1
NM_001136091.2	Tcirg1
XM_017318049.3	Chka
XM_030250731.2	Chka
XM_017318048.3	Chka
XM_030250729.2	Chka
XM_006531648.4	Chka
NM_013490.4	Chka
NM_001271496.1	Chka
XM_006531646.1	Chka
XM_030250730.2	Chka
XM_030250727.2	Chka
XM_030250728.2	Chka
XM_030250725.2	Chka
XM_030250726.2	Chka
XM_011248599.4	Chka
XM_030250724.2	Chka
NR_073190.1	Chka
XR_003952740.1	Chka
XR_388248.4	Chka
NR_162795.1	Gm51271
Gm19209	Gm19209
XM_036161536.1	Kmt5b
XM_006531728.5	Kmt5b
XM_030250877.2	Kmt5b
XM_036161537.1	Kmt5b
NM_001379680.1	Kmt5b
NM_001379679.1	Kmt5b
NM_001379678.1	Kmt5b
XM_036161532.1	Kmt5b
XM_036161535.1	Kmt5b
XM_036161529.1	Kmt5b
XM_011248624.3	Kmt5b
XM_036161530.1	Kmt5b
XM_036161531.1	Kmt5b
XM_036161538.1	Kmt5b
XM_036161539.1	Kmt5b
XM_036161534.1	Kmt5b
XM_036161528.1	Kmt5b
XM_036161527.1	Kmt5b
NM_001167888.1	Kmt5b
NM_001167884.1	Kmt5b
NM_001167889.2	Kmt5b
NM_001167886.1	Kmt5b
NM_001167887.1	Kmt5b
NM_144871.4	Kmt5b
NM_001167885.1	Kmt5b
XM_017318144.3	Kmt5b
XM_036161533.1	Kmt5b
XM_006531727.5	Kmt5b
Gm2141	Gm2141
XR_388282.4	Gm36787
XR_003952877.1	Gm36787
NM_001358257.1	1810055G02Rik
NM_001358258.1	1810055G02Rik
NM_028077.3	1810055G02Rik
NM_001358256.1	1810055G02Rik
NR_167751.1	Gm36608
XR_004940236.1	Gm36672
XR_388279.5	Gm36672
XR_004940235.1	Gm36672
NM_008513.3	Lrp5
XR_388250.3	Lrp5
Gm19205	Gm19205
XR_004940291.1	Gm23940
XM_006531797.5	Ppp6r3
XM_036161628.1	Ppp6r3
XM_036161625.1	Ppp6r3
XM_036161627.1	Ppp6r3
XM_030250987.2	Ppp6r3
XM_030250986.2	Ppp6r3
XM_030250988.2	Ppp6r3
XM_036161626.1	Ppp6r3
NM_001360429.1	Ppp6r3
NM_028999.1	Ppp6r3
NM_029456.2	Ppp6r3
NM_001360430.1	Ppp6r3
NM_001164159.1	Ppp6r3
XM_036161624.1	Ppp6r3
XM_036161629.1	Ppp6r3
XM_011248642.4	Ppp6r3
XM_011248640.3	Ppp6r3
XM_006531792.3	Ppp6r3
XM_011248641.3	Ppp6r3
XM_017318248.3	Ppp6r3
XM_006531794.3	Ppp6r3
XM_017318249.3	Ppp6r3
XM_017318250.3	Ppp6r3
XR_001782603.3	Ppp6r3
NM_010253.4	Gal
NM_001329667.1	Gal
NM_001286558.1	Tesmin
NM_001286557.1	Tesmin
NM_001039658.2	Tesmin
NM_001039657.2	Tesmin
XM_006531658.5	Cpt1a
XM_036161417.1	Cpt1a
XM_006531659.2	Cpt1a
XM_006531654.4	Cpt1a
NM_013495.2	Cpt1a
XM_036161416.1	Cpt1a
XM_011248602.4	Cpt1a
NR_105950.1	Mir6984
NM_001347420.2	Mrpl21
NM_172252.4	Mrpl21
XM_006531778.5	Mrpl21
XM_036161497.1	Ighmbp2
NM_009212.2	Ighmbp2
XR_001782564.3	Ighmbp2
XR_003952763.2	Ighmbp2
XR_001782563.3	Ighmbp2
Gm2106	Gm2106
Gm7798	Gm7798
Gm50432	Gm50432
XR_004940278.1	LOC115489054
NR_045304.1	1700030N03Rik
Gm42068	Gm42068
XR_004940284.1	Gm25431
XR_388274.3	Gm38527
